CustomerID,Gender,Age,Income (k$),Spending Score,JoinDate,Notes,ZipCode
1052,F,45,41.21,65,2015-02,loyal customer,110011
2442,male,22,56.04,43,2018-12,,None
1352,Male,34,86.52,48,2015-12,discount requested,110011
1353,Male,29,26.46,65,2015-12,,
1579,male,28,38.47,96,2016-08,VIP,None
1355,,20,52.13,2,2015-12,loyal customer,110011
1351,Female,50,,26,2015-12,discount requested,110011
1241,male,35,68.41,2,2015-08,VIP,
1262,F,32,71.95,70,2015-09,call back required,110011
1340,Female,36,73.96,28,2015-12,discount requested,110011
2002,Other,26,32.67,40,2017-09,,None
1969,F,25,54.56,57,2017-08,loyal customer,
1066,male,19,59.69,87,2015-03,discount requested,400001
2297,M,48,90.83,13,2018-07,call back required,560001
1031,female,17,28.95,64,2015-01,VIP,
1465,Female,45,,53,2016-04,loyal customer,110011
2382,Female,37,78.15,86,2018-10,VIP,None
2117,Other,36,34.96,96,2018-01,loyal customer,None
1176,F,45,15.85,25,2015-06,,560001
1169,Other,36,61.26,100,2015-06,loyal customer,110011
1980,F,26,51.71,25,2017-09,loyal customer,560001
2010,,31,54.6,200,2017-10,VIP,
1530,male,24,67.06,70,2016-06,loyal customer,
1276,Female,46,54.65,42,2015-10,,None
2025,,28,68.68,20,2017-10,VIP,400001
1825,,46,18.79,44,2017-04,loyal customer,None
1345,M,36,30.44,30,2015-12,discount requested,None
1238,F,20,86.99,55,2015-08,call back required,None
2068,Other,120,84.21,64,2017-12,discount requested,110011
1060,female,35,94.9,10,2015-03,,400001
1325,F,35,74.56,23,,,
1272,,29,,43,2015-09,VIP,560001
1372,,37,86.86,78,2016-01,,560001
1163,,16,31.88,69,2015-06,discount requested,
1555,Male,51,67.0,84,2016-07,,
2081,M,24,69.36,200,2017-12,,400001
1507,,38,84.13,60,2016-05,call back required,110011
2484,Male,33,21.43,58,2019-01,,400001
1469,female,41,54.66,9,2016-04,VIP,400001
1185,Male,60,82.14,57,2015-07,,110011
1644,Male,38,57.87,88,2016-10,VIP,
1332,Male,56,,92,2015-11,discount requested,None
1495,female,35,50.95,69,2016-05,loyal customer,
2101,M,44,26.61,14,2018-01,,400001
1260,M,25,56.29,30,2015-09,,560001
1275,Male,28,59.45,49,2015-10,loyal customer,560001
2170,M,40,63.56,69,2018-03,loyal customer,None
1637,Male,32,63.43,99,2016-09,,
1848,male,15,42.57,28,2017-04,call back required,
1965,Other,51,14.88,32,2017-08,discount requested,400001
1125,female,27,59.86,90,,,560001
1439,Other,28,67.62,29,2016-03,VIP,560001
2262,M,32,25.81,18,,VIP,400001
2220,M,27,29.49,84,2018-05,,400001
2496,female,36,32.74,33,2019-02,call back required,110011
2256,male,37,36.13,64,2018-06,loyal customer,110011
1340,Female,36,73.96,28,2015-12,discount requested,110011
1585,F,21,60.7,80,2016-08,discount requested,
2348,Other,25,87.03,70,2018-09,VIP,110011
1024,,25,96.75,94,2015-01,loyal customer,560001
1977,,32,60.06,53,2017-09,discount requested,110011
1204,Male,21,32.09,97,2015-07,discount requested,110011
1417,female,24,61.97,69,2016-02,,110011
1050,F,33,,98,2015-02,VIP,400001
1909,Other,20,54.93,58,,,
1971,,42,36.68,98,2017-08,VIP,560001
1745,M,34,22.95,4,2017-01,discount requested,None
1298,Other,52,42.48,20,,discount requested,110011
2498,,31,55.13,18,2019-02,discount requested,560001
1434,,36,44.2,22,2016-03,call back required,None
1716,,43,64.84,64,,loyal customer,400001
1487,M,31,75.73,46,2016-05,VIP,None
1124,Other,45,55.64,54,2015-05,loyal customer,None
1629,Other,27,,33,2016-09,VIP,None
1842,,40,34.79,24,2017-04,VIP,None
2275,Other,23,,21,2018-06,,None
1199,female,27,34.2,89,2015-07,call back required,110011
1200,M,32,24.01,57,2015-07,loyal customer,400001
2122,M,36,46.11,86,2018-01,,
1584,male,57,82.27,86,,VIP,None
2050,Male,47,34.96,30,,call back required,560001
1731,M,45,55.66,94,2016-12,discount requested,None
1100,female,52,40.1,69,2015-04,,560001
1077,Female,60,105.78,79,2015-03,VIP,None
1052,F,45,41.21,65,2015-02,loyal customer,110011
1071,male,32,69.11,200,2015-03,loyal customer,560001
1622,male,48,49.31,77,2016-09,discount requested,None
1077,Female,60,105.78,79,2015-03,VIP,None
1987,Female,42,70.76,46,2017-09,discount requested,
1515,male,42,37.02,21,2016-05,loyal customer,
1142,Male,34,,58,2015-05,loyal customer,110011
1271,F,28,65.28,70,2015-09,discount requested,400001
1908,M,44,66.12,19,2017-06,VIP,560001
1240,,43,,9,2015-08,discount requested,110011
2402,M,39,62.08,21,,,
1988,Female,32,76.61,22,2017-09,,
1758,M,31,26.69,18,2017-01,VIP,400001
1221,M,35,74.75,29,2015-08,loyal customer,None
2099,F,47,64.35,72,2018-01,,None
1708,,21,52.96,59,2016-12,,None
1186,female,34,41.85,49,2015-07,loyal customer,
2092,Other,40,82.12,79,,VIP,None
1661,,40,52.92,50,2016-10,,None
1317,M,48,74.45,39,2015-11,VIP,110011
2260,M,36,50.16,16,2018-06,loyal customer,560001
1817,Male,31,87.65,23,2017-03,,None
2118,female,54,75.32,67,2018-01,VIP,
1694,Female,41,37.48,31,2016-11,call back required,110011
1136,female,38,,48,2015-05,call back required,None
1715,,34,53.91,99,2016-12,VIP,400001
1820,Male,25,61.86,96,2017-03,discount requested,None
1673,F,38,57.77,9,2016-11,,
1484,F,6,69.27,76,2016-04,discount requested,None
1611,female,40,49.61,23,2016-09,VIP,400001
1068,Male,32,49.12,59,,discount requested,110011
1382,F,39,61.71,23,2016-01,call back required,None
1652,,57,89.84,80,,call back required,400001
1781,Male,20,66.1,15,2017-02,,560001
2209,Male,31,38.86,34,2018-04,call back required,None
1707,Female,27,,25,2016-12,,None
2417,Male,38,74.87,86,2018-11,call back required,
2357,Female,61,63.18,97,2018-09,VIP,110011
1865,Female,36,51.68,53,,,400001
2176,Other,16,33.08,90,2018-03,call back required,400001
1414,Male,14,11.81,11,2016-02,,None
2095,male,31,58.87,42,,loyal customer,560001
2290,Male,46,46.95,12,2018-07,VIP,
1030,Female,22,63.59,86,2015-01,call back required,110011
2081,M,24,69.36,200,2017-12,,400001
1721,male,37,94.58,83,,discount requested,None
1440,M,30,75.82,35,2016-03,call back required,560001
1577,female,51,108.99,77,2016-07,VIP,400001
2098,F,31,52.15,23,2018-01,discount requested,560001
2492,Other,44,,11,2019-01,VIP,None
2409,Other,42,24.92,8,,discount requested,None
2339,F,27,53.12,26,2018-08,VIP,560001
2383,M,34,62.25,25,2018-10,loyal customer,
1803,Male,41,51.36,81,2017-03,call back required,None
1995,Female,37,38.56,46,2017-09,,400001
2263,Other,33,43.23,52,2018-06,,None
1426,female,28,96.68,41,2016-03,discount requested,560001
1902,Female,30,75.15,87,2017-06,call back required,None
1846,female,26,77.08,76,2017-04,VIP,400001
1412,,35,47.22,5,2016-02,discount requested,400001
1768,,20,62.39,76,2017-02,loyal customer,400001
1744,female,40,,15,2017-01,,110011
1290,,38,69.79,53,2015-10,,
1307,Female,41,103.11,27,2015-11,VIP,110011
1528,male,24,90.11,32,2016-06,discount requested,400001
1529,male,41,34.89,26,,VIP,
1463,F,51,,48,2016-04,discount requested,
2058,Other,30,47.32,52,2017-11,VIP,400001
2236,Female,43,69.94,100,2018-05,,400001
1614,male,21,,58,2016-09,,400001
1045,Female,53,76.8,81,,loyal customer,None
2291,Male,24,55.38,35,2018-07,loyal customer,560001
1635,male,27,68.89,91,2016-09,VIP,
2166,male,46,78.45,35,,call back required,400001
2145,Female,42,62.66,93,2018-02,loyal customer,None
2143,,40,67.53,38,2018-02,call back required,560001
2188,Male,26,81.14,58,2018-04,VIP,560001
1116,Female,41,17.67,22,2015-04,loyal customer,110011
2189,M,56,40.28,59,2018-04,loyal customer,
2104,Male,34,-4.79,77,2018-01,call back required,560001
1983,Female,34,57.12,55,2017-09,call back required,560001
1991,male,19,45.55,8,2017-09,VIP,110011
2042,male,46,38.65,39,2017-11,,400001
2204,male,34,74.08,75,2018-04,call back required,None
1680,male,39,81.81,70,2016-11,loyal customer,
1079,Other,35,58.85,71,2015-03,call back required,560001
1299,female,29,,25,,VIP,400001
2429,F,35,61.22,78,2018-11,call back required,560001
1678,,22,35.64,3,2016-11,call back required,None
1599,Female,18,87.8,99,,loyal customer,110011
1333,Female,31,40.85,69,2015-11,call back required,110011
1945,female,32,57.67,93,2017-08,discount requested,None
1016,female,38,50.64,37,2015-01,,110011
1598,Other,32,79.17,16,2016-08,loyal customer,
2094,Other,31,60.22,20,,loyal customer,110011
1406,Female,34,,64,2016-02,VIP,560001
2240,M,27,64.99,10,2018-05,,None
1494,F,39,89.14,11,,,None
1354,,53,61.85,38,2015-12,VIP,110011
1786,Male,25,75.15,60,2017-02,call back required,
2385,Male,40,58.45,86,2018-10,loyal customer,110011
1535,M,43,67.59,51,2016-06,,None
2359,Female,37,79.4,6,2018-09,loyal customer,560001
2177,Other,40,37.35,86,2018-03,discount requested,560001
1567,male,33,52.89,39,2016-07,loyal customer,560001
2482,female,36,41.83,46,2019-01,discount requested,560001
2497,,28,73.98,13,,VIP,400001
1433,female,48,83.98,99,2016-03,,None
1414,Male,14,11.81,11,2016-02,,None
1938,female,33,61.39,75,2017-07,loyal customer,
2053,M,39,57.57,77,2017-11,loyal customer,None
2358,M,19,52.65,65,2018-09,call back required,560001
2051,male,35,67.26,12,2017-11,loyal customer,
1245,Other,57,30.22,64,2015-09,loyal customer,400001
1057,,24,56.97,69,2015-02,,560001
2076,female,31,43.98,77,2017-12,discount requested,110011
2449,F,53,52.74,84,2018-12,loyal customer,560001
2282,Other,37,78.68,93,,,400001
2277,Male,45,54.6,24,2018-06,discount requested,560001
2113,,40,73.67,99,2018-01,,560001
1044,,39,68.66,59,2015-02,discount requested,110011
1472,,48,46.53,21,2016-04,discount requested,560001
1880,female,38,64.4,37,2017-05,,560001
2019,,41,57.61,85,,,400001
1498,Female,30,55.94,66,2016-05,discount requested,110011
1102,male,47,57.57,22,2015-04,loyal customer,
2197,male,27,62.36,20,2018-04,call back required,
2381,F,45,50.75,17,2018-10,discount requested,110011
1108,Female,42,45.0,36,2015-04,call back required,560001
1757,male,36,67.71,11,2017-01,VIP,400001
1071,male,32,69.11,200,2015-03,loyal customer,560001
1812,M,27,51.98,100,2017-03,,
1428,Female,38,53.25,37,,,400001
1561,Female,40,56.21,88,2016-07,,110011
2085,F,13,84.82,31,2017-12,loyal customer,
2097,male,51,,73,2018-01,loyal customer,110011
1742,F,33,,2,2017-01,call back required,400001
1856,female,29,,93,2017-05,VIP,110011
1129,Female,22,45.38,60,2015-05,,
2103,Female,39,42.68,25,2018-01,discount requested,110011
1375,Male,22,43.96,26,2016-01,discount requested,110011
2305,male,22,67.21,34,2018-07,VIP,None
1887,Male,29,,92,2017-06,loyal customer,560001
1384,female,48,70.93,71,2016-01,call back required,
1675,Female,15,,53,2016-11,,560001
2379,F,13,89.33,26,2018-10,call back required,None
1362,Male,29,55.26,27,2015-12,,560001
1683,Other,40,63.99,1,2016-11,call back required,None
2048,Male,45,40.54,56,2017-11,VIP,110011
1310,F,31,88.61,26,2015-11,loyal customer,110011
1248,Male,49,87.06,2,2015-09,,400001
2030,female,51,88.25,73,2017-10,call back required,None
2444,M,37,53.77,40,2018-12,call back required,None
1591,Male,40,86.92,18,2016-08,loyal customer,
1033,Female,41,50.56,26,2015-02,,400001
1789,,34,90.64,23,2017-02,VIP,110011
1533,Male,33,67.98,97,2016-06,discount requested,400001
1627,female,35,20.14,18,2016-09,discount requested,None
1429,Male,43,42.03,45,2016-03,loyal customer,400001
1670,Other,27,87.35,20,2016-10,,400001
1368,male,24,50.41,62,2016-01,loyal customer,
2471,female,31,52.23,25,2019-01,call back required,560001
2125,F,41,40.0,52,2018-01,loyal customer,None
1931,Other,35,75.29,33,2017-07,call back required,560001
1232,Female,26,84.96,68,2015-08,VIP,110011
1552,Female,38,34.27,54,2016-07,discount requested,110011
2326,Male,38,59.63,81,2018-08,call back required,560001
1383,Female,41,76.18,48,2016-01,discount requested,110011
1164,Female,22,41.37,45,2015-06,discount requested,400001
2443,Female,35,46.42,17,2018-12,call back required,400001
1544,male,46,108.4,76,,VIP,560001
2286,F,17,20.48,71,2018-07,,
1998,Female,34,30.63,54,2017-09,VIP,
1821,Other,47,54.96,7,2017-03,loyal customer,
2228,,19,56.6,84,2018-05,,None
1193,Male,42,52.83,64,2015-07,call back required,None
2107,female,23,73.24,54,2018-01,loyal customer,None
1064,Male,51,63.97,41,2015-03,call back required,400001
2141,F,42,74.34,8,2018-02,discount requested,110011
1904,Other,31,50.65,23,2017-06,loyal customer,None
2091,Female,43,90.79,95,2017-12,discount requested,400001
1615,F,28,61.9,14,2016-09,call back required,110011
1479,Male,34,95.15,28,2016-04,discount requested,560001
1618,,39,71.98,30,2016-09,,110011
2248,F,39,59.97,54,2018-06,loyal customer,560001
1219,,34,72.84,30,2015-08,loyal customer,110011
1514,F,34,37.98,200,2016-05,loyal customer,
2252,F,35,89.63,19,2018-06,loyal customer,
1974,M,32,75.06,35,2017-08,VIP,400001
2476,,31,93.18,88,2019-01,discount requested,
2044,Male,20,55.67,90,2017-11,discount requested,400001
2278,Other,28,54.21,55,2018-07,discount requested,110011
2112,Male,32,,89,2018-01,loyal customer,None
2117,Other,36,34.96,96,2018-01,loyal customer,None
1967,female,28,37.01,17,,VIP,400001
1893,Male,46,52.73,7,2017-06,VIP,None
2342,,30,32.15,70,2018-09,discount requested,560001
1304,F,29,48.83,72,2015-10,VIP,
1665,Male,29,74.6,32,2016-10,VIP,560001
1650,female,33,60.03,61,2016-10,call back required,560001
1483,female,42,,3,2016-04,call back required,110011
2207,female,35,23.87,54,2018-04,loyal customer,
2395,female,41,67.84,39,2018-10,discount requested,None
1501,Other,50,52.21,33,2016-05,,
1589,Female,48,46.68,82,2016-08,call back required,None
1713,Male,38,43.97,26,2016-12,call back required,400001
2027,male,120,38.02,46,,,400001
1278,F,29,60.77,100,2015-10,VIP,None
2205,female,19,65.6,33,2018-04,loyal customer,
1888,F,40,,78,2017-06,discount requested,110011
1608,,44,74.31,25,2016-08,call back required,None
1237,F,45,13.34,35,2015-08,VIP,560001
2373,,17,68.08,31,2018-10,loyal customer,110011
2023,male,33,56.83,13,2017-10,,110011
2494,male,47,56.81,52,2019-02,discount requested,None
2356,Female,33,69.99,25,2018-09,VIP,110011
2074,M,38,52.67,73,,discount requested,110011
1209,F,43,63.44,44,2015-07,discount requested,400001
1773,Male,23,82.62,56,2017-02,loyal customer,
1616,M,38,45.03,93,2016-09,VIP,110011
2190,,33,88.37,93,2018-04,VIP,None
1059,M,43,66.02,13,2015-02,,110011
1343,M,45,91.91,97,,discount requested,400001
1395,M,43,,25,,call back required,110011
1454,F,18,,87,2016-03,call back required,560001
1844,Other,45,,18,2017-04,call back required,110011
2231,Other,19,49.7,91,2018-05,discount requested,110011
2055,Male,28,70.03,31,2017-11,discount requested,110011
2282,Other,37,78.68,93,,,400001
1381,,40,,51,2016-01,,560001
2461,female,34,43.45,23,2018-12,loyal customer,None
2340,F,28,71.5,71,2018-09,call back required,
2281,male,37,53.51,81,,VIP,
2193,female,35,63.79,46,2018-04,,110011
1868,F,-5,59.24,91,2017-05,call back required,
1746,male,39,76.71,86,2017-01,VIP,None
1234,Female,30,118.47,51,2015-08,call back required,None
2312,male,34,54.78,31,2018-08,VIP,110011
1197,male,41,36.57,20,2015-07,VIP,560001
2191,M,36,76.86,80,2018-04,call back required,560001
2303,Other,44,29.08,97,2018-07,VIP,
1082,Female,33,73.76,20,2015-03,VIP,None
2451,,37,33.12,75,,call back required,400001
1669,female,35,52.08,27,2016-10,loyal customer,400001
2394,F,5,41.58,55,2018-10,,
1112,Other,39,81.09,50,2015-04,,560001
2320,M,50,29.8,29,2018-08,loyal customer,
1830,,50,51.25,88,2017-04,loyal customer,
2310,Female,39,54.71,62,2018-08,call back required,
2000,M,46,55.17,91,2017-09,loyal customer,None
2309,Male,26,,93,2018-08,discount requested,400001
2313,Male,40,54.71,2,2018-08,loyal customer,
1693,female,45,38.4,46,2016-11,,400001
1311,,40,62.84,27,2015-11,,
1630,Other,28,65.34,32,2016-09,discount requested,560001
1430,Female,41,,80,2016-03,call back required,
1571,F,50,,88,2016-07,VIP,110011
1890,Male,38,65.32,4,2017-06,discount requested,
2327,Male,33,68.68,21,2018-08,,None
1367,F,53,67.66,17,2016-01,VIP,
1959,male,40,61.98,19,2017-08,loyal customer,400001
1429,Male,43,42.03,45,2016-03,loyal customer,400001
2392,F,46,49.57,89,,loyal customer,400001
2380,male,66,85.41,53,,discount requested,110011
1900,M,39,,11,2017-06,call back required,None
1486,F,17,60.68,66,2016-04,discount requested,
1539,female,59,23.64,12,2016-06,VIP,110011
1482,F,31,58.26,40,,discount requested,110011
1907,male,37,72.89,34,2017-06,loyal customer,400001
1621,Female,37,61.86,56,2016-09,,110011
1719,,44,78.51,54,2016-12,,560001
1723,Female,28,81.95,53,2016-12,loyal customer,
2421,Male,33,49.27,46,2018-11,,400001
2317,male,34,44.7,34,,discount requested,400001
1255,Male,24,35.46,74,2015-09,loyal customer,110011
1323,Female,38,93.99,97,2015-11,,110011
2129,F,41,68.66,42,2018-02,,400001
1452,F,24,67.96,2,2016-03,loyal customer,None
2235,male,51,64.06,49,2018-05,,
2369,Male,38,34.29,52,2018-09,discount requested,560001
2180,M,44,66.56,56,2018-03,VIP,None
2134,Other,33,78.41,64,,loyal customer,
1906,male,31,64.43,71,2017-06,call back required,
1491,,30,74.09,69,2016-05,VIP,110011
1087,F,27,59.41,1,2015-03,VIP,400001
2468,F,46,32.62,50,2019-01,loyal customer,560001
1366,Other,34,58.94,74,2016-01,discount requested,110011
1266,male,38,36.78,3,2015-09,,560001
1288,female,31,87.3,44,,discount requested,400001
2042,male,46,38.65,39,2017-11,,400001
1359,Male,24,77.07,38,2015-12,loyal customer,None
1480,Female,46,38.53,45,2016-04,,560001
2186,Female,18,19.86,23,,discount requested,400001
1918,Female,55,76.71,25,2017-07,loyal customer,None
2325,female,46,51.82,37,2018-08,discount requested,560001
1860,Other,51,41.06,78,2017-05,discount requested,None
1222,M,35,82.82,3,2015-08,loyal customer,560001
1114,F,46,70.93,41,2015-04,loyal customer,400001
1608,,44,74.31,25,2016-08,call back required,None
1619,Other,34,33.28,19,2016-09,discount requested,110011
1175,,25,,78,2015-06,discount requested,
2405,male,28,70.17,16,2018-11,,110011
1568,,35,88.41,89,2016-07,,560001
2203,Female,20,47.3,34,2018-04,VIP,400001
2241,female,32,75.42,11,,loyal customer,
1019,,32,84.88,84,2015-01,call back required,110011
2038,Other,66,37.89,89,2017-11,,None
1286,M,52,109.08,52,2015-10,loyal customer,None
1924,Other,29,77.94,74,2017-07,,400001
2426,F,31,84.53,90,2018-11,loyal customer,
2237,Male,32,40.43,63,,loyal customer,None
1032,Male,49,75.78,45,2015-02,VIP,560001
1586,Other,18,37.82,41,2016-08,VIP,110011
1211,Other,34,74.26,5,2015-07,loyal customer,560001
2033,Male,32,61.16,12,2017-10,VIP,560001
1215,M,37,54.51,9,2015-08,discount requested,None
1742,F,33,,2,2017-01,call back required,400001
1863,male,41,,24,2017-05,discount requested,
1835,Male,39,58.49,24,2017-04,loyal customer,110011
2168,F,37,53.45,54,2018-03,discount requested,
1416,Male,28,50.67,68,,loyal customer,110011
2463,female,28,52.33,58,2019-01,discount requested,
1189,Other,34,71.82,75,2015-07,discount requested,
1421,male,29,18.77,63,2016-02,VIP,
2126,,-5,,91,,VIP,110011
2329,F,19,,19,2018-08,call back required,None
1148,M,33,63.47,82,2015-05,VIP,None
1423,F,48,91.44,82,2016-02,VIP,110011
2210,female,27,40.78,71,2018-04,loyal customer,110011
1084,,29,71.96,200,2015-03,,110011
1713,Male,38,43.97,26,2016-12,call back required,400001
1049,F,0,75.37,15,2015-02,,560001
2152,female,53,70.14,17,2018-02,,None
1156,male,17,79.66,99,2015-06,loyal customer,None
2106,Female,38,37.84,31,2018-01,,400001
2178,,48,58.75,31,2018-03,,400001
1782,M,36,41.81,83,2017-02,,560001
2088,,34,,60,2017-12,loyal customer,560001
2150,Male,43,82.04,60,,VIP,None
2271,male,44,53.41,55,2018-06,call back required,560001
2086,Male,28,45.95,93,,,400001
1814,Female,28,81.56,66,2017-03,discount requested,
1180,M,36,48.95,29,2015-06,,
1984,female,27,64.06,46,2017-09,VIP,110011
2289,Female,45,80.56,73,2018-07,call back required,560001
1440,M,30,75.82,35,2016-03,call back required,560001
1549,male,38,,77,2016-07,call back required,None
1870,F,40,62.59,5,2017-05,VIP,None
1364,male,43,68.72,72,2015-12,VIP,400001
1427,Male,41,54.9,2,2016-03,loyal customer,560001
2217,F,37,60.81,61,2018-05,,400001
2392,F,46,49.57,89,,loyal customer,400001
1347,M,46,54.59,16,2015-12,call back required,400001
2075,Male,36,66.1,98,2017-12,VIP,400001
1915,Female,29,51.19,45,2017-07,,
1590,female,40,56.62,49,,loyal customer,None
1899,Other,33,50.81,83,2017-06,VIP,400001
2336,F,40,76.27,88,2018-08,VIP,None
2212,Female,48,84.04,23,2018-04,VIP,None
1911,M,19,62.82,300,2017-06,call back required,None
1671,Male,37,58.08,25,2016-11,call back required,560001
1244,Male,49,,44,2015-09,loyal customer,
2492,Other,44,,11,2019-01,VIP,None
1576,F,21,71.8,50,2016-07,call back required,400001
1655,F,34,54.92,99,2016-10,discount requested,400001
1813,Male,39,93.99,12,2017-03,discount requested,
2035,Male,43,91.29,25,,discount requested,110011
1737,Female,35,87.64,43,2017-01,loyal customer,560001
1436,,28,60.76,11,,call back required,110011
2467,male,26,100.24,6,2019-01,discount requested,560001
2285,Other,42,53.43,97,2018-07,VIP,560001
1309,,40,31.11,96,2015-11,discount requested,110011
1431,Male,45,43.69,48,2016-03,loyal customer,400001
1939,F,50,61.52,48,2017-07,,400001
1399,,30,72.76,58,2016-02,,400001
1424,M,44,48.39,12,2016-02,,560001
1371,Female,34,69.31,70,2016-01,loyal customer,None
1055,Other,33,82.46,68,2015-02,discount requested,None
1810,female,50,39.94,300,2017-03,loyal customer,110011
1592,,43,75.98,7,2016-08,,
2319,male,32,11.32,75,2018-08,VIP,110011
1313,Female,43,72.42,83,2015-11,loyal customer,400001
2332,F,36,84.64,77,2018-08,loyal customer,None
2079,F,36,62.87,89,2017-12,VIP,560001
1110,Other,31,55.59,53,2015-04,discount requested,None
1600,F,34,29.86,300,2016-08,loyal customer,110011
2028,M,25,43.76,8,2017-10,,
1101,Other,44,70.52,51,,VIP,560001
2280,Female,32,80.39,7,2018-07,VIP,110011
1711,Other,23,96.85,18,2016-12,,560001
2422,Male,27,74.32,91,2018-11,VIP,560001
1267,Female,36,63.29,26,2015-09,call back required,
2458,Female,62,69.69,88,2018-12,,
1297,F,34,62.29,73,2015-10,call back required,110011
1562,M,42,30.26,50,2016-07,discount requested,
1462,female,45,67.28,25,2016-04,,110011
2005,Male,24,57.91,79,2017-10,,400001
2404,F,21,72.66,16,2018-11,VIP,110011
2011,female,26,78.86,93,2017-10,VIP,560001
1378,Male,46,39.87,99,2016-01,VIP,None
1287,Male,28,74.85,46,2015-10,loyal customer,None
2487,Other,37,63.56,11,2019-01,call back required,400001
2162,female,-5,-3.76,300,2018-03,call back required,400001
1127,male,19,1.97,17,,,
1328,Other,35,65.94,96,2015-11,VIP,110011
1293,Male,33,57.67,30,2015-10,loyal customer,400001
1583,Female,10,39.37,69,2016-08,loyal customer,
1808,Male,37,46.87,86,2017-03,VIP,110011
1523,F,44,91.78,61,2016-06,call back required,110011
1356,Other,-5,89.4,6,2015-12,loyal customer,400001
2245,Other,32,43.88,34,,discount requested,
2261,Other,34,63.64,72,2018-06,VIP,
1171,,28,47.91,9,2015-06,,
2489,Male,10,43.33,42,2019-01,,400001
2485,Other,38,79.79,76,2019-01,VIP,400001
1662,M,51,42.72,43,2016-10,discount requested,
1778,,9,37.46,21,2017-02,discount requested,110011
2311,M,30,92.37,13,2018-08,call back required,None
1210,female,39,38.81,98,2015-07,discount requested,
1705,female,42,63.48,63,2016-12,call back required,None
1553,female,38,72.28,3,2016-07,discount requested,None
1141,,31,52.71,58,2015-05,VIP,
2115,Other,43,83.21,71,2018-01,,560001
2036,male,34,68.22,49,2017-11,call back required,
2226,F,19,74.98,10,2018-05,VIP,110011
2229,F,37,94.55,18,2018-05,VIP,110011
1728,M,26,63.41,31,2016-12,loyal customer,
1706,female,44,39.22,91,2016-12,VIP,560001
1883,M,33,76.28,40,,loyal customer,560001
1947,female,31,78.25,2,2017-08,loyal customer,110011
1536,F,39,92.18,5,2016-06,loyal customer,None
1011,M,43,64.63,82,2015-01,discount requested,400001
1765,female,39,87.44,99,2017-02,call back required,560001
1283,F,37,44.06,18,2015-10,loyal customer,560001
1292,M,55,,94,2015-10,,110011
2024,male,48,59.48,65,2017-10,discount requested,400001
2201,female,30,58.39,37,2018-04,,560001
1130,Female,52,64.84,31,2015-05,loyal customer,110011
1324,male,31,59.73,16,2015-11,discount requested,None
1722,M,38,61.49,30,2016-12,,400001
1527,M,46,43.9,2,2016-06,discount requested,
1597,female,27,53.71,55,2016-08,loyal customer,400001
2393,,40,78.77,26,,loyal customer,
2418,Other,45,35.57,74,,,560001
2049,female,30,84.26,4,2017-11,call back required,110011
1755,male,32,33.61,8,2017-01,discount requested,110011
1159,Male,37,74.92,32,2015-06,loyal customer,
1611,female,40,49.61,23,2016-09,VIP,400001
2006,female,35,5.93,17,2017-10,call back required,110011
2108,F,46,72.76,5,2018-01,call back required,None
1196,male,44,44.98,58,2015-07,loyal customer,110011
2491,Male,49,66.95,71,2019-01,loyal customer,400001
1545,Male,41,86.4,94,2016-06,call back required,560001
1411,M,32,91.89,76,2016-02,loyal customer,None
1097,male,20,70.7,58,2015-04,VIP,400001
1620,M,40,52.22,53,2016-09,call back required,400001
1157,Other,45,46.87,5,2015-06,loyal customer,
1420,F,41,79.26,92,,,400001
1679,male,51,51.03,84,2016-11,,
1478,,28,59.79,100,2016-04,discount requested,110011
2369,Male,38,34.29,52,2018-09,discount requested,560001
2213,male,16,44.99,46,2018-04,,110011
2466,F,36,85.47,65,2019-01,discount requested,
1448,F,39,98.63,49,2016-03,call back required,400001
1179,Male,39,56.53,42,2015-06,VIP,
1391,M,34,50.15,9,2016-01,call back required,560001
2285,Other,42,53.43,97,2018-07,VIP,560001
1681,,27,32.91,97,2016-11,,None
2284,Male,43,107.23,71,2018-07,VIP,110011
2415,male,46,56.44,66,2018-11,,560001
1850,F,23,89.57,23,2017-04,,
1811,M,35,62.4,12,2017-03,,
1922,Other,40,68.73,80,2017-07,loyal customer,None
1837,M,28,50.43,40,2017-04,,
1355,,20,52.13,2,2015-12,loyal customer,110011
1695,male,24,56.79,88,2016-11,VIP,110011
1295,male,21,51.98,98,2015-10,call back required,560001
1794,Female,52,69.25,78,2017-03,,560001
1927,female,33,96.73,19,2017-07,VIP,None
1089,Female,32,70.93,56,,loyal customer,None
1042,Other,37,95.46,80,,call back required,110011
1990,,40,83.86,48,2017-09,call back required,110011
1612,male,25,63.07,57,2016-09,discount requested,400001
2328,female,39,68.54,44,2018-08,,110011
2434,Female,27,54.77,99,2018-12,discount requested,None
1985,,10,63.06,24,2017-09,loyal customer,None
2165,female,35,33.04,43,2018-03,loyal customer,None
1291,Male,41,65.71,59,,,560001
2465,M,29,49.9,6,2019-01,VIP,None
1632,Female,52,62.69,54,2016-09,loyal customer,
1349,,29,23.45,39,2015-12,VIP,110011
1572,M,26,92.66,47,2016-07,discount requested,
1603,Female,36,53.98,23,2016-08,VIP,110011
2459,F,38,29.31,76,2018-12,VIP,560001
2037,,33,60.79,49,2017-11,,560001
1882,F,41,19.02,7,2017-05,call back required,400001
2151,female,38,,76,2018-02,,110011
1459,M,22,41.87,29,2016-04,call back required,110011
1376,Female,49,11.4,39,,,560001
1334,M,37,73.0,49,2015-11,VIP,
1989,male,35,38.69,11,2017-09,call back required,560001
2367,M,41,61.05,84,2018-09,call back required,400001
2132,male,25,58.09,8,2018-02,call back required,560001
1753,male,50,48.38,28,2017-01,call back required,110011
2436,male,25,52.61,63,2018-12,discount requested,400001
1602,,23,104.4,29,2016-08,,
1329,,21,3.6,12,2015-11,discount requested,400001
1319,Other,33,88.49,41,2015-11,discount requested,560001
2192,M,40,84.13,54,2018-04,,None
2142,Male,30,17.86,38,2018-02,discount requested,None
1013,M,35,56.17,2,,discount requested,
1172,female,20,59.02,62,2015-06,loyal customer,560001
1261,Male,44,,71,2015-09,VIP,110011
1874,Male,52,96.44,30,,VIP,110011
1916,F,36,,25,2017-07,call back required,560001
1847,male,24,,57,2017-04,loyal customer,400001
1139,Other,36,68.83,97,2015-05,loyal customer,110011
1550,Other,27,85.81,57,,discount requested,None
1651,Other,44,39.74,94,2016-10,loyal customer,110011
1901,female,26,46.04,67,2017-06,VIP,None
2349,,9,78.24,57,2018-09,discount requested,400001
1559,,46,47.17,33,2016-07,VIP,400001
1140,Male,36,42.7,99,2015-05,,400001
2353,Other,22,72.9,30,2018-09,loyal customer,560001
1950,female,50,70.6,93,2017-08,loyal customer,400001
1225,male,35,,30,,,400001
2351,Female,46,18.7,61,2018-09,VIP,
1410,F,43,23.28,73,2016-02,call back required,
1326,F,120,53.54,7,2015-11,call back required,None
1300,,37,79.11,19,2015-10,,110011
1942,female,53,73.51,54,2017-07,call back required,None
1783,,34,74.46,48,2017-02,,110011
1712,male,13,71.74,37,2016-12,VIP,None
2437,F,43,48.89,78,2018-12,discount requested,560001
2007,Female,39,63.74,33,2017-10,VIP,None
2266,M,35,61.54,39,2018-06,,
1574,male,13,65.5,9,2016-07,call back required,400001
1504,,31,64.98,46,2016-05,VIP,110011
1606,M,19,82.49,200,2016-08,VIP,None
1809,F,48,35.34,78,2017-03,loyal customer,560001
1004,Other,30,41.03,67,2015-01,,None
1793,female,33,34.93,92,2017-03,,
1468,Male,43,92.51,18,2016-04,VIP,
1322,female,26,37.65,83,2015-11,discount requested,560001
1006,,57,,58,2015-01,loyal customer,560001
1223,F,44,,90,2015-08,loyal customer,
1548,Female,23,29.38,22,2016-07,,110011
1859,male,32,57.11,82,,call back required,
1040,M,42,59.15,28,2015-02,discount requested,None
1543,M,46,92.61,35,2016-06,call back required,110011
1243,Female,29,71.6,41,2015-08,,
1137,Male,34,69.74,14,,discount requested,
2227,Other,16,69.24,300,2018-05,call back required,None
2264,Other,16,49.93,48,2018-06,discount requested,400001
2274,M,52,22.8,36,2018-06,call back required,110011
2054,Other,26,95.36,52,2017-11,,110011
2102,male,30,63.2,91,2018-01,call back required,None
1799,Male,28,82.55,58,2017-03,,400001
2477,Other,21,28.22,48,2019-01,loyal customer,560001
1582,Male,31,81.99,63,2016-08,,110011
2250,Female,49,81.21,85,2018-06,VIP,None
2173,M,0,51.13,8,2018-03,discount requested,None
2435,Female,27,63.26,48,2018-12,,
1377,Female,34,79.58,12,2016-01,,
1315,M,45,74.03,42,2015-11,loyal customer,None
1443,Male,40,47.64,95,2016-03,call back required,400001
1320,F,36,73.95,33,2015-11,call back required,None
2062,female,24,66.83,93,,VIP,
1843,Male,40,76.98,65,2017-04,call back required,400001
2169,M,44,36.96,62,,,400001
1425,,35,82.38,77,2016-02,call back required,560001
1554,Female,39,70.57,53,2016-07,,None
1595,Female,36,93.03,69,2016-08,loyal customer,None
1953,female,36,24.77,98,2017-08,discount requested,560001
2090,male,29,18.71,15,2017-12,,None
1818,M,36,93.2,29,,discount requested,
2259,,23,49.6,6,2018-06,,
2363,Male,38,95.63,11,2018-09,VIP,
1228,F,31,62.88,2,2015-08,VIP,110011
1756,F,49,47.84,29,2017-01,loyal customer,None
2318,,31,60.13,68,2018-08,,400001
2032,,32,60.32,11,2017-10,,560001
2344,Male,42,115.01,66,2018-09,discount requested,
1067,Female,32,57.99,71,2015-03,VIP,400001
1394,,28,72.13,2,2016-01,,110011
1580,male,57,36.8,15,2016-08,discount requested,
1025,Female,43,71.82,3,2015-01,,None
1212,Other,18,79.2,69,2015-07,,110011
2198,M,21,56.57,51,2018-04,loyal customer,
2147,Other,25,28.16,90,2018-02,discount requested,400001
1537,,36,39.19,13,2016-06,,None
1760,Other,31,41.44,50,2017-01,call back required,
1702,,31,49.91,36,2016-12,,
1086,M,29,66.2,77,2015-03,VIP,400001
2396,F,36,14.21,300,2018-10,,110011
1273,,28,69.47,60,2015-09,,400001
1889,Female,51,63.81,53,2017-06,,None
1701,male,36,37.09,14,2016-12,VIP,110011
1424,M,44,48.39,12,2016-02,,560001
1631,Male,20,68.77,61,2016-09,loyal customer,560001
2064,female,49,25.26,56,2017-11,VIP,400001
2446,Male,21,39.32,200,2018-12,discount requested,
1506,Male,55,96.39,92,2016-05,,560001
1274,,0,86.71,58,2015-10,loyal customer,560001
1766,M,46,72.14,11,2017-02,loyal customer,None
1363,Male,22,81.09,41,2015-12,VIP,None
1623,Other,36,72.75,82,2016-09,VIP,400001
1003,female,38,78.28,54,2015-01,loyal customer,110011
1007,female,36,26.08,70,2015-01,VIP,400001
1312,Other,46,49.98,62,2015-11,loyal customer,560001
2471,female,31,52.23,25,2019-01,call back required,560001
1666,female,24,66.31,41,2016-10,call back required,110011
1999,,18,89.7,37,2017-09,loyal customer,560001
2453,,43,38.88,98,,,None
1216,female,22,64.41,32,2015-08,loyal customer,
1725,Male,33,67.88,99,2016-12,,
1028,male,53,75.37,75,,call back required,
2114,Other,30,58.89,47,2018-01,loyal customer,110011
1923,Male,42,45.71,27,2017-07,call back required,400001
2041,female,30,46.0,36,2017-11,,
1639,male,28,63.88,84,2016-09,VIP,
1797,female,49,36.87,35,2017-03,,
1692,F,47,57.68,71,2016-11,,110011
2304,F,51,83.06,12,2018-07,VIP,400001
1625,female,36,63.38,62,2016-09,call back required,400001
1905,M,52,38.47,61,2017-06,discount requested,
1257,Other,34,73.53,43,,call back required,400001
1026,F,48,99.83,46,2015-01,,400001
1337,female,34,58.52,22,2015-12,discount requested,None
1573,Male,25,46.61,44,2016-07,VIP,560001
1048,Other,29,72.59,16,2015-02,call back required,400001
1107,F,22,38.85,68,2015-04,loyal customer,None
1350,Other,38,58.9,33,2015-12,,None
1056,Female,30,70.35,43,2015-02,call back required,None
1862,Male,42,61.54,92,2017-05,call back required,560001
1214,Other,37,56.38,45,2015-08,,None
1121,,44,43.11,47,2015-05,,None
1926,M,34,64.51,68,2017-07,,110011
2427,Other,16,49.1,77,2018-11,call back required,None
1073,Male,53,62.15,49,2015-03,loyal customer,400001
1941,Female,24,35.52,76,2017-07,VIP,110011
1788,,33,37.53,50,2017-02,,560001
1046,Female,48,99.63,54,2015-02,loyal customer,560001
2374,male,47,33.07,91,,loyal customer,560001
1524,Other,6,65.13,38,2016-06,loyal customer,110011
1925,Male,26,49.33,63,2017-07,call back required,
1840,female,37,40.26,75,2017-04,,560001
2448,,36,87.57,87,2018-12,discount requested,400001
1845,female,31,33.73,44,2017-04,loyal customer,
1534,Male,37,,1,2016-06,,None
2174,Other,41,83.9,89,2018-03,VIP,400001
1604,F,48,,200,2016-08,,560001
1466,Other,34,81.47,67,2016-04,call back required,560001
1894,female,28,69.55,28,2017-06,loyal customer,110011
2321,,40,57.78,66,2018-08,discount requested,560001
2424,Other,33,,33,2018-11,loyal customer,
2008,female,41,38.9,47,2017-10,,None
1061,M,22,63.31,75,2015-03,,110011
1943,,47,68.19,6,2017-07,discount requested,
1093,male,47,76.46,36,2015-04,call back required,560001
1667,F,28,69.87,6,2016-10,VIP,560001
1775,male,40,62.63,75,2017-02,loyal customer,560001
1195,Other,41,,82,2015-07,,110011
1281,Female,29,33.06,98,2015-10,VIP,None
1696,Female,31,80.72,59,2016-11,call back required,110011
1360,M,42,52.22,88,2015-12,call back required,400001
1520,male,15,99.8,85,2016-06,call back required,110011
1866,Male,22,68.22,72,2017-05,VIP,None
2244,Other,35,49.57,47,2018-05,call back required,None
1183,F,29,79.9,4,2015-07,call back required,400001
2059,F,25,70.55,80,2017-11,,400001
1111,,42,66.12,82,2015-04,call back required,400001
2389,Other,33,56.59,6,2018-10,discount requested,560001
1043,male,27,102.53,16,2015-02,loyal customer,110011
1747,M,35,62.71,50,2017-01,,400001
1975,Female,26,52.07,71,2017-09,discount requested,110011
1205,Female,38,15.19,92,2015-07,,None
1875,male,37,,72,2017-05,,560001
1053,M,0,60.43,79,2015-02,loyal customer,
1546,,23,74.54,5,2016-06,call back required,
1069,Female,8,80.71,39,2015-03,,
2069,female,33,,12,2017-12,loyal customer,400001
2218,male,27,75.13,3,2018-05,call back required,
1819,Female,21,16.12,81,2017-03,discount requested,400001
1184,M,36,56.75,82,,,None
1138,Male,46,73.15,59,2015-05,VIP,None
1133,Male,37,84.89,200,2015-05,VIP,560001
1081,Other,36,66.03,4,2015-03,call back required,
2254,male,37,41.3,82,2018-06,VIP,400001
1106,male,39,70.58,36,2015-04,,
2202,male,28,20.97,50,2018-04,call back required,
1542,male,45,70.87,57,2016-06,discount requested,560001
1910,F,17,62.93,9,2017-06,,110011
1481,Female,40,33.24,17,2016-04,VIP,560001
1166,Male,35,80.68,49,,discount requested,
1249,Male,50,55.9,96,2015-09,call back required,110011
1308,male,53,40.45,40,2015-11,loyal customer,None
1447,M,52,59.16,74,2016-03,VIP,400001
2206,F,42,29.94,31,2018-04,,110011
1335,F,37,81.19,26,2015-12,call back required,None
1098,Female,27,75.19,83,2015-04,discount requested,560001
1807,,42,26.53,6,2017-03,call back required,
1738,female,21,97.46,37,,discount requested,None
1949,F,53,58.72,2,2017-08,,400001
2034,F,19,45.69,10,,,560001
2171,,36,62.46,82,2018-03,discount requested,560001
1103,male,42,58.16,88,2015-04,VIP,110011
1435,Female,55,65.17,100,2016-03,,110011
1075,female,32,33.85,33,2015-03,,
2387,Male,40,87.32,4,2018-10,loyal customer,None
1933,Male,23,,83,2017-07,call back required,560001
2406,,43,,84,2018-11,VIP,
1303,M,60,98.97,79,2015-10,call back required,110011
2337,M,120,26.7,70,2018-08,,560001
2306,Other,29,30.54,71,2018-07,,
2401,M,27,46.65,81,2018-11,discount requested,
1763,female,36,74.84,99,2017-02,VIP,400001
1734,,43,83.46,12,2017-01,call back required,110011
1389,Male,28,77.15,10,2016-01,VIP,None
1236,Female,36,96.85,44,2015-08,call back required,
2288,F,18,60.24,11,2018-07,,
1268,,39,59.19,57,2015-09,loyal customer,400001
1306,female,45,110.48,87,2015-11,call back required,110011
1839,Female,35,75.95,300,2017-04,,560001
1118,F,-5,69.37,21,2015-04,,
2253,,42,14.71,67,2018-06,VIP,None
1674,F,43,44.58,92,2016-11,,400001
1250,M,29,50.59,82,2015-09,loyal customer,560001
2439,,32,76.72,28,2018-12,VIP,110011
2111,Male,37,57.24,43,2018-01,call back required,560001
1072,male,41,57.04,7,2015-03,discount requested,400001
1095,F,31,49.89,89,,loyal customer,400001
2238,,26,30.98,87,2018-05,discount requested,None
1034,male,34,52.05,77,2015-02,loyal customer,400001
1800,M,45,63.57,18,2017-03,,560001
2135,M,13,105.88,93,2018-02,,None
1449,Other,35,57.96,64,2016-03,,
1446,M,56,87.69,80,2016-03,discount requested,560001
1772,female,32,,78,2017-02,loyal customer,400001
1717,M,35,45.72,72,,discount requested,None
1944,female,40,63.37,40,2017-08,call back required,560001
2447,,4,42.21,57,,,560001
2247,F,36,40.44,17,,,None
2066,M,39,58.22,58,2017-12,VIP,400001
1078,Female,35,28.86,2,2015-03,,
1085,Other,34,44.77,28,2015-03,loyal customer,560001
1889,Female,51,63.81,53,2017-06,,None
1083,female,29,12.49,36,2015-03,VIP,400001
1458,,50,66.4,26,2016-04,discount requested,None
1979,,44,28.65,84,2017-09,loyal customer,None
1677,Female,47,70.87,38,2016-11,call back required,560001
2490,Male,33,73.49,39,,loyal customer,400001
2109,F,30,65.67,13,2018-01,loyal customer,None
1437,,52,,58,2016-03,call back required,400001
1771,female,21,55.67,39,2017-02,discount requested,None
1645,,41,32.24,85,2016-10,call back required,None
2161,,44,58.33,18,2018-03,discount requested,560001
1966,Male,30,46.74,69,2017-08,loyal customer,
2234,Male,36,67.0,59,2018-05,call back required,
2156,Male,31,70.87,42,2018-03,loyal customer,110011
1405,,25,49.8,48,2016-02,call back required,400001
2347,M,55,7.02,58,2018-09,VIP,None
1994,Female,22,66.04,200,2017-09,,110011
2233,female,30,61.92,62,2018-05,call back required,110011
1105,male,29,68.15,100,2015-04,loyal customer,400001
1610,,32,52.9,17,2016-09,,400001
1917,male,50,62.66,78,2017-07,VIP,
1689,Other,33,38.62,26,2016-11,call back required,
2232,,43,77.42,59,2018-05,,560001
1827,M,44,87.8,81,,,None
2182,,48,79.55,92,2018-03,,560001
2160,Female,24,55.72,89,2018-03,VIP,110011
1063,female,31,68.99,98,2015-03,VIP,None
1282,Female,41,67.49,90,2015-10,VIP,
1853,female,38,74.54,11,,call back required,560001
1779,,29,90.69,10,2017-02,VIP,
2047,M,53,39.85,1,2017-11,,None
1239,M,37,56.38,87,2015-08,discount requested,400001
1224,Female,29,17.13,57,2015-08,discount requested,None
1146,Other,42,44.77,41,2015-05,loyal customer,400001
2445,M,48,64.11,49,2018-12,VIP,110011
1374,,38,33.72,6,2016-01,VIP,400001
2270,male,26,54.77,71,2018-06,VIP,560001
1119,,38,87.75,100,2015-04,discount requested,560001
2164,F,33,53.71,6,2018-03,discount requested,
1251,F,30,60.54,77,2015-09,discount requested,
2493,Other,44,52.17,36,2019-02,call back required,None
2250,Female,49,81.21,85,2018-06,VIP,None
1951,M,30,64.16,97,2017-08,discount requested,560001
1010,male,26,53.28,58,,VIP,560001
1450,F,36,74.49,32,2016-03,loyal customer,
1940,male,120,56.4,2,2017-07,discount requested,
1709,,16,102.12,32,2016-12,discount requested,None
1256,M,27,51.31,56,2015-09,,110011
1594,Female,37,68.17,300,2016-08,,None
1390,Male,53,42.67,55,2016-01,,
2432,female,44,38.74,63,2018-12,loyal customer,None
2413,female,43,,19,2018-11,VIP,110011
1558,F,0,73.95,88,2016-07,VIP,110011
2331,F,23,63.14,8,2018-08,VIP,None
1963,F,34,42.46,33,2017-08,VIP,None
1461,male,37,54.75,78,,discount requested,560001
1724,Male,44,60.77,92,2016-12,call back required,
2428,M,37,,27,2018-11,VIP,560001
1145,,21,23.51,2,2015-05,VIP,110011
1502,female,43,81.04,39,,,400001
2133,F,46,83.89,23,2018-02,discount requested,None
1740,Female,31,78.65,29,2017-01,call back required,None
2431,Male,41,56.58,67,2018-12,VIP,None
1869,Other,29,66.39,100,2017-05,,400001
1732,Male,39,64.59,87,2017-01,discount requested,
1540,male,0,18.53,48,2016-06,discount requested,None
1178,M,61,77.16,6,2015-06,,
2495,F,35,52.14,31,2019-02,call back required,400001
1698,male,36,63.78,29,2016-11,loyal customer,400001
2001,F,27,13.24,92,,discount requested,400001
2080,Male,48,37.43,24,2017-12,,None
1932,Female,49,35.18,10,2017-07,,None
2119,female,24,36.7,62,2018-01,call back required,
2337,M,120,26.7,70,2018-08,,560001
1008,female,37,53.43,53,,discount requested,
1919,Female,55,53.96,19,2017-07,VIP,560001
1668,Female,22,23.09,88,2016-10,discount requested,None
2199,M,28,82.49,78,2018-04,,
1358,,29,48.28,50,2015-12,discount requested,560001
1784,Female,40,50.93,86,2017-02,loyal customer,560001
1736,M,40,56.07,31,2017-01,,400001
1330,,42,71.65,72,2015-11,VIP,
2086,Male,28,45.95,93,,,400001
2273,M,28,65.45,49,2018-06,VIP,
2346,M,37,53.55,68,2018-09,,None
1259,,50,80.18,34,2015-09,call back required,560001
1937,F,34,91.0,82,2017-07,,110011
2215,male,33,58.52,7,2018-04,VIP,
1373,male,32,67.93,22,2016-01,,
2139,Female,38,67.71,80,2018-02,discount requested,560001
1986,male,43,79.81,98,2017-09,call back required,560001
1143,Female,38,69.84,51,2015-05,discount requested,None
1526,Other,33,26.0,25,2016-06,,
2175,Male,28,49.19,96,,call back required,
1233,Female,33,61.08,25,2015-08,loyal customer,400001
2158,Male,18,38.96,12,2018-03,VIP,560001
2470,Male,34,62.85,88,2019-01,call back required,560001
1441,Male,31,89.79,15,2016-03,,560001
1532,,54,65.71,67,2016-06,,400001
2243,Other,33,81.33,62,2018-05,VIP,110011
1227,female,-5,11.3,26,2015-08,loyal customer,110011
2089,,-5,26.31,27,2017-12,,110011
1229,Male,37,52.02,62,2015-08,VIP,None
2323,female,41,55.33,39,,call back required,110011
2341,Other,33,57.67,83,2018-09,discount requested,None
1213,female,39,35.88,31,2015-08,call back required,560001
1886,female,26,55.03,62,2017-06,loyal customer,
1080,Female,34,82.46,32,2015-03,VIP,None
1149,Male,35,77.58,16,2015-05,discount requested,400001
1815,Female,55,47.82,2,2017-03,VIP,None
1964,Other,52,37.7,40,2017-08,,
2371,Other,46,62.76,82,2018-10,call back required,400001
1672,F,19,,66,2016-11,loyal customer,
2194,,51,40.14,22,,discount requested,400001
1556,,39,59.44,31,2016-07,discount requested,560001
1968,F,39,40.32,8,2017-08,discount requested,400001
1134,female,34,21.68,49,2015-05,,560001
2287,male,-5,31.34,24,2018-07,,110011
1934,Male,33,81.81,30,2017-07,loyal customer,None
2316,Female,33,43.65,75,2018-08,,400001
1824,Other,40,50.32,14,2017-04,,110011
1409,Female,50,52.66,82,2016-02,,110011
1369,M,19,60.05,29,,loyal customer,400001
1508,M,39,115.0,31,2016-05,call back required,400001
2222,male,35,81.79,44,2018-05,discount requested,400001
1505,Other,31,26.79,37,,VIP,400001
2376,female,28,44.94,55,2018-10,VIP,400001
1348,Female,19,,77,2015-12,VIP,560001
1387,M,34,97.39,13,2016-01,discount requested,
1001,Other,20,73.18,52,2015-01,call back required,560001
2031,Other,38,57.59,67,2017-10,discount requested,
1361,Female,37,79.99,18,2015-12,call back required,110011
1895,Female,33,65.86,69,2017-06,,None
1829,Other,20,45.9,70,2017-04,VIP,560001
2462,female,120,,27,2019-01,VIP,110011
1476,,37,,70,2016-04,,110011
2324,F,31,59.18,77,2018-08,call back required,560001
1058,Male,18,68.33,99,2015-02,loyal customer,None
1638,Other,47,53.99,34,,call back required,None
2350,female,32,25.33,37,2018-09,loyal customer,400001
2084,Female,33,0.94,13,2017-12,loyal customer,
2014,M,5,48.67,60,,loyal customer,400001
1173,M,25,67.37,57,2015-06,VIP,560001
1451,F,41,60.2,64,2016-03,,110011
1126,,20,72.3,85,2015-05,discount requested,400001
1039,Male,36,45.86,24,2015-02,call back required,560001
1531,Male,28,80.68,41,2016-06,VIP,
1858,M,37,38.74,28,2017-05,discount requested,110011
1714,Female,59,66.62,9,2016-12,discount requested,
1091,,8,29.81,30,2015-04,discount requested,400001
2499,M,41,60.31,41,2019-02,,110011
1182,Other,42,72.91,93,2015-07,VIP,400001
1876,M,61,35.69,63,2017-05,call back required,400001
1865,Female,36,51.68,53,,,400001
1787,Other,46,47.05,96,2017-02,discount requested,560001
1415,M,32,91.9,94,2016-02,,400001
1252,Male,32,62.04,69,2015-09,VIP,560001
1070,F,34,44.29,3,2015-03,,560001
1804,Male,30,91.29,43,2017-03,,None
1132,female,51,51.55,95,,discount requested,560001
1301,Male,34,80.15,5,2015-10,call back required,560001
2056,female,45,96.86,87,,call back required,
1327,M,36,65.22,26,2015-11,,
2383,M,34,62.25,25,2018-10,loyal customer,
2179,Other,33,58.69,10,2018-03,call back required,110011
1500,Female,30,51.91,31,2016-05,,110011
1342,Female,36,52.56,23,2015-12,VIP,560001
1833,M,48,66.58,82,2017-04,discount requested,560001
1365,Other,41,125.21,92,2015-12,loyal customer,560001
1496,Other,22,57.4,99,2016-05,,110011
2441,Male,41,53.71,93,2018-12,VIP,None
1339,Female,41,55.07,13,2015-12,discount requested,110011
1422,male,40,71.02,29,2016-02,discount requested,400001
1165,male,28,57.82,9,2015-06,VIP,400001
1029,,27,85.24,88,2015-01,call back required,110011
1517,,42,50.23,5,2016-05,loyal customer,400001
1194,Other,29,43.52,45,2015-07,,400001
2474,male,26,74.99,72,2019-01,,560001
2408,female,40,56.32,92,2018-11,loyal customer,110011
1946,Other,25,54.15,94,2017-08,call back required,None
2407,male,44,39.19,29,2018-11,loyal customer,110011
1170,F,27,86.21,18,2015-06,discount requested,400001
1168,Other,27,84.27,100,2015-06,,400001
1653,Other,29,64.96,7,2016-10,loyal customer,None
1174,Female,21,,29,2015-06,loyal customer,560001
1519,,35,,45,,VIP,None
2377,Female,29,53.53,93,2018-10,loyal customer,None
2221,Male,45,93.8,34,2018-05,call back required,
1913,female,29,36.31,41,2017-07,VIP,None
1492,female,38,89.8,9,2016-05,,400001
1954,Female,17,66.0,55,2017-08,,560001
1074,male,46,68.24,26,2015-03,call back required,None
2296,male,42,83.56,57,2018-07,VIP,None
1588,M,59,29.45,24,2016-08,discount requested,110011
1751,,22,73.4,90,2017-01,call back required,None
1658,M,51,39.57,12,2016-10,discount requested,560001
1235,Female,-5,66.13,13,2015-08,call back required,110011
1733,Male,34,59.39,19,2017-01,,
2223,Male,54,37.93,30,2018-05,VIP,110011
2269,female,47,44.61,10,2018-06,loyal customer,
1935,,27,45.59,22,2017-07,call back required,110011
1109,F,32,89.72,52,2015-04,,None
1569,Other,24,61.36,46,2016-07,loyal customer,
1891,Other,23,77.74,82,2017-06,discount requested,None
1948,,45,57.17,73,2017-08,,110011
2365,,37,52.97,65,2018-09,call back required,None
1885,,32,45.37,39,2017-06,VIP,560001
2308,,37,27.99,31,2018-07,call back required,110011
1851,Other,32,,85,2017-04,call back required,None
1735,male,48,76.94,15,2017-01,loyal customer,None
1718,Female,34,93.8,20,2016-12,VIP,400001
1455,female,38,81.85,66,2016-03,VIP,
1265,M,23,84.75,13,2015-09,loyal customer,None
1076,male,23,63.83,48,2015-03,call back required,400001
1445,Female,34,104.73,43,2016-03,discount requested,560001
1396,Female,28,88.98,13,2016-01,discount requested,
1177,M,25,108.45,15,,VIP,110011
2043,Other,36,52.58,53,2017-11,VIP,None
2354,F,39,74.9,71,2018-09,loyal customer,110011
2440,M,14,56.54,44,2018-12,VIP,400001
2235,male,51,64.06,49,2018-05,,
1596,Female,34,97.48,60,2016-08,call back required,110011
1062,Other,22,52.34,82,2015-03,discount requested,560001
1873,male,38,83.04,98,2017-05,call back required,110011
2157,male,42,56.74,48,2018-03,call back required,None
2453,,43,38.88,98,,,None
1279,Male,26,33.25,66,2015-10,call back required,560001
1037,Female,59,63.0,74,2015-02,VIP,
1663,female,31,19.7,100,2016-10,discount requested,400001
2398,Other,31,101.55,14,2018-10,,560001
2121,male,40,67.4,37,2018-01,call back required,400001
1978,,38,91.58,54,2017-09,call back required,110011
1739,female,24,19.12,79,2017-01,loyal customer,400001
1192,M,53,41.53,62,2015-07,VIP,
1920,,47,,39,2017-07,loyal customer,
1457,F,30,80.55,31,2016-04,VIP,110011
1676,female,38,60.41,61,2016-11,loyal customer,560001
1761,Female,31,62.84,14,2017-01,call back required,560001
2399,Female,46,80.72,56,2018-10,discount requested,
1729,female,35,46.61,49,,,110011
1413,F,37,55.56,67,2016-02,,400001
1826,Female,42,71.58,30,2017-04,discount requested,None
1617,Male,19,75.01,20,2016-09,VIP,
1115,Other,24,,18,2015-04,,560001
1418,male,32,82.41,1,2016-02,VIP,None
2475,,28,72.19,51,2019-01,call back required,400001
1970,M,38,48.0,42,2017-08,discount requested,560001
1605,Other,44,57.58,79,2016-08,,
2481,M,37,39.41,60,2019-01,call back required,560001
1090,male,50,57.75,35,,discount requested,560001
1849,Other,55,56.09,71,2017-04,discount requested,560001
2183,,51,54.78,70,,,None
2480,,43,75.7,65,2019-01,VIP,400001
1754,male,47,62.61,66,2017-01,,400001
1499,Male,19,82.2,88,2016-05,,
1012,Other,26,81.96,87,2015-01,discount requested,110011
1397,,30,41.99,98,2016-02,loyal customer,110011
1285,male,50,67.81,100,2015-10,,None
2067,female,24,66.28,200,2017-12,VIP,
1691,male,27,90.24,54,2016-11,loyal customer,560001
2272,F,39,49.72,1,2018-06,call back required,None
2450,Female,47,48.97,64,2018-12,call back required,
1690,male,25,67.29,14,2016-11,loyal customer,None
1852,male,32,71.51,34,,VIP,
1160,Female,44,27.5,74,2015-06,,110011
1896,Female,35,67.55,67,2017-06,VIP,560001
2230,M,40,64.42,45,2018-05,VIP,None
1258,F,37,57.25,89,2015-09,VIP,None
1336,,50,70.25,5,2015-12,discount requested,560001
2454,M,25,,74,2018-12,call back required,None
2040,M,27,53.82,62,,VIP,None
1516,M,35,27.8,58,2016-05,,
2016,F,44,,77,2017-10,loyal customer,
1769,Female,9,56.53,67,2017-02,VIP,None
2360,Other,39,35.9,18,2018-09,discount requested,
1762,male,36,71.49,74,2017-01,,
2138,male,34,85.15,17,2018-02,,None
1522,Other,38,68.24,20,2016-06,loyal customer,560001
1023,male,42,,1,2015-01,loyal customer,110011
1357,male,39,71.95,46,2015-12,VIP,110011
2315,F,30,47.19,57,2018-08,call back required,110011
1341,M,30,31.86,33,2015-12,call back required,None
1432,F,29,,24,2016-03,,560001
1474,Female,38,122.44,21,2016-04,discount requested,
1218,female,45,58.64,67,2015-08,call back required,400001
1912,female,47,63.79,82,2017-06,discount requested,110011
2246,,28,58.73,100,2018-05,VIP,400001
2012,female,35,82.21,9,2017-10,call back required,None
2064,female,49,25.26,56,2017-11,VIP,400001
1094,F,14,58.39,55,2015-04,,None
2009,Female,36,87.81,52,2017-10,discount requested,110011
2071,female,46,34.12,55,2017-12,,110011
2093,,32,104.52,33,2017-12,VIP,
1697,Other,47,59.18,95,2016-11,discount requested,400001
2388,Female,35,74.9,36,2018-10,,None
1997,Male,39,89.76,8,2017-09,VIP,
1154,M,25,70.78,14,2015-06,VIP,None
2100,M,50,43.12,96,2018-01,loyal customer,110011
2343,Other,15,,29,2018-09,call back required,110011
1310,F,31,88.61,26,2015-11,loyal customer,110011
1790,Other,25,56.15,13,2017-02,,400001
1581,F,44,54.08,36,2016-08,discount requested,110011
1704,,33,19.21,24,,call back required,400001
2302,Female,26,50.22,80,2018-07,,400001
1488,Female,120,1.73,86,2016-05,discount requested,None
1560,F,22,69.1,72,2016-07,loyal customer,
2120,F,28,72.18,39,2018-01,,400001
1802,F,53,38.85,72,2017-03,loyal customer,110011
1513,Other,34,91.56,99,2016-05,,560001
1634,Male,28,79.38,19,2016-09,discount requested,400001
2146,F,41,57.36,100,2018-02,loyal customer,None
2384,Female,37,,2,2018-10,call back required,560001
1791,F,30,64.5,69,2017-03,,560001
1117,Male,40,50.2,66,2015-04,VIP,400001
1741,Other,28,46.14,26,2017-01,VIP,400001
2082,female,46,101.63,17,2017-12,VIP,
1831,female,31,77.0,6,2017-04,,
1120,female,22,61.32,44,2015-04,call back required,None
1657,Other,26,73.77,40,,discount requested,
2472,male,36,67.99,79,2019-01,loyal customer,560001
1636,male,43,80.82,70,2016-09,call back required,None
1370,Other,28,5.96,58,2016-01,VIP,560001
1269,Other,37,74.02,24,2015-09,loyal customer,560001
1656,female,60,53.64,16,2016-10,loyal customer,110011
1936,Male,16,44.75,3,2017-07,,400001
1823,F,24,98.85,28,2017-04,call back required,560001
1867,female,38,39.4,4,2017-05,call back required,
1047,,50,46.58,79,2015-02,loyal customer,110011
2334,,57,31.15,41,2018-08,,400001
1992,Female,29,46.7,39,,call back required,400001
1877,male,40,60.86,47,2017-05,discount requested,None
1774,Female,16,75.01,28,2017-02,loyal customer,
1999,,18,89.7,37,2017-09,loyal customer,560001
1005,M,41,88.24,6,2015-01,call back required,
2004,Male,46,47.52,96,2017-09,call back required,400001
2345,Other,24,49.7,19,2018-09,call back required,400001
1264,Male,41,55.33,67,2015-09,call back required,400001
2224,Other,34,62.71,17,2018-05,discount requested,
2416,Female,42,,79,2018-11,loyal customer,560001
1444,,29,38.76,42,2016-03,VIP,
2003,Male,37,40.73,34,2017-09,loyal customer,560001
2078,Male,32,67.24,36,2017-12,loyal customer,None
1838,female,44,51.39,47,2017-04,discount requested,560001
2386,Female,41,95.17,5,2018-10,,None
1305,male,30,75.56,83,2015-11,,560001
2214,F,36,59.1,56,2018-04,loyal customer,
1314,Other,40,56.74,50,2015-11,loyal customer,560001
1150,,38,56.96,4,2015-05,discount requested,110011
2149,M,29,67.48,44,,VIP,560001
1575,Other,28,74.88,87,2016-07,loyal customer,110011
1051,Other,35,37.26,11,2015-02,loyal customer,560001
2211,Male,38,73.45,62,2018-04,loyal customer,None
1727,M,40,61.91,11,2016-12,discount requested,
1834,Female,40,60.56,88,2017-04,VIP,None
2116,Other,21,,38,2018-01,VIP,560001
2167,female,25,72.73,98,2018-03,discount requested,110011
1471,female,49,52.25,87,2016-04,discount requested,400001
1972,Other,47,,9,,discount requested,560001
1654,female,21,63.87,16,2016-10,VIP,
1400,Male,10,54.27,34,2016-02,VIP,110011
1512,male,33,41.64,27,2016-05,loyal customer,
1321,,47,72.93,83,2015-11,call back required,400001
1020,M,25,43.53,65,,discount requested,
1685,Male,40,50.22,45,,,None
1036,female,23,71.33,24,2015-02,discount requested,110011
1903,F,42,,7,2017-06,loyal customer,
1828,male,27,53.92,32,2017-04,loyal customer,
2486,Other,33,85.2,38,2019-01,call back required,560001
1408,,23,59.25,67,2016-02,discount requested,400001
1921,female,45,89.89,79,2017-07,loyal customer,560001
1538,Other,38,64.81,19,2016-06,discount requested,110011
1759,Male,28,47.27,55,2017-01,,
2063,Other,35,39.11,75,,call back required,None
2200,female,34,74.61,39,,loyal customer,560001
1246,F,31,80.3,31,2015-09,loyal customer,None
2128,male,32,,81,2018-02,,
1785,male,36,72.98,21,2017-02,VIP,400001
1490,female,46,58.13,30,2016-05,discount requested,None
1155,female,39,62.25,12,2015-06,VIP,
1962,Male,6,65.62,1,2017-08,call back required,400001
1854,M,43,68.87,86,2017-05,VIP,
1626,male,40,51.99,33,2016-09,call back required,110011
1686,F,25,54.43,98,2016-11,VIP,560001
1570,Other,20,31.38,96,2016-07,loyal customer,560001
2473,Male,43,78.32,90,2019-01,,None
1018,,29,45.5,24,2015-01,VIP,400001
1128,Male,41,100.01,80,2015-05,call back required,
2191,M,36,76.86,80,2018-04,call back required,560001
1928,Female,30,31.37,28,2017-07,discount requested,
1981,Female,49,25.56,67,,loyal customer,400001
1434,,36,44.2,22,2016-03,call back required,None
1191,Other,28,42.92,3,2015-07,call back required,560001
2140,Male,36,,19,,,
1993,male,42,65.42,35,2017-09,VIP,None
2433,F,18,71.79,94,2018-12,loyal customer,
2294,Male,32,47.77,100,2018-07,VIP,
1607,Other,25,,33,2016-08,loyal customer,560001
1181,female,26,42.67,79,2015-06,discount requested,400001
1302,Male,46,19.88,75,2015-10,loyal customer,110011
1497,M,44,71.63,91,2016-05,call back required,
2335,Female,41,,75,2018-08,discount requested,None
2299,female,29,57.16,83,2018-07,discount requested,110011
2279,female,48,63.14,25,2018-07,VIP,None
1518,F,34,46.21,52,,discount requested,
2070,female,44,48.42,7,2017-12,VIP,None
1477,Male,29,53.48,44,2016-04,loyal customer,
1158,male,39,44.15,81,2015-06,loyal customer,
2196,female,36,47.51,8,2018-04,VIP,560001
1017,Female,45,22.24,20,2015-01,discount requested,
2073,male,40,,90,2017-12,,None
1433,female,48,83.98,99,2016-03,,None
1547,female,51,63.2,98,2016-06,loyal customer,400001
1659,Female,51,92.51,35,,loyal customer,None
1452,F,24,67.96,2,2016-03,loyal customer,None
2020,female,55,65.47,69,2017-10,VIP,400001
2300,male,32,88.15,39,2018-07,loyal customer,110011
1960,Other,29,29.65,96,2017-08,call back required,400001
2456,female,40,76.36,70,2018-12,,
1284,Other,19,60.74,85,2015-10,call back required,None
1798,Other,32,72.12,21,2017-03,,400001
1226,male,30,20.7,9,2015-08,VIP,None
1027,F,39,67.12,55,,call back required,400001
1438,,36,49.94,46,2016-03,,None
1862,Male,42,61.54,92,2017-05,call back required,560001
1230,female,30,,3,2015-08,discount requested,
1038,Male,36,72.71,35,2015-02,call back required,None
1750,male,33,72.49,59,2017-01,loyal customer,
2046,M,28,49.92,56,2017-11,loyal customer,None
1470,Female,19,66.73,38,,call back required,400001
2322,M,32,62.43,16,2018-08,,
2129,F,41,68.66,42,2018-02,,400001
1688,female,20,76.99,79,2016-11,loyal customer,560001
2425,,27,39.15,5,2018-11,call back required,560001
1640,,37,43.28,25,2016-10,call back required,
2200,female,34,74.61,39,,loyal customer,560001
2219,female,31,46.52,38,2018-05,VIP,110011
2159,Female,24,61.73,96,2018-03,,None
2293,Female,23,40.7,68,2018-07,VIP,None
2410,male,40,38.1,88,2018-11,VIP,400001
1801,Male,28,31.31,97,2017-03,loyal customer,None
1161,Other,51,61.84,43,,VIP,400001
1957,Female,30,50.86,97,,VIP,560001
2187,,32,65.43,9,2018-04,,None
1822,Female,-5,72.98,94,2017-04,call back required,
2314,female,35,32.74,15,2018-08,call back required,400001
1878,male,17,54.87,26,2017-05,VIP,
1914,male,60,63.95,48,2017-07,call back required,400001
1153,Male,36,73.24,7,2015-06,loyal customer,None
2420,Male,26,39.93,22,,VIP,560001
1510,male,37,37.41,87,2016-05,loyal customer,400001
2136,M,43,57.45,20,2018-02,loyal customer,
2251,Other,34,,40,2018-06,call back required,None
2301,Other,18,67.97,88,2018-07,loyal customer,None
1104,Female,23,,53,2015-04,call back required,
1587,F,45,24.97,74,2016-08,VIP,None
2378,female,48,88.94,36,2018-10,call back required,
2144,Other,32,66.22,53,2018-02,call back required,None
1054,Female,-5,67.55,90,2015-02,,110011
1152,M,27,82.06,29,2015-06,call back required,
1404,Male,39,64.36,70,2016-02,discount requested,400001
1423,F,48,91.44,82,2016-02,VIP,110011
1208,Female,45,69.83,8,,,110011
2464,M,30,51.93,37,2019-01,VIP,110011
2123,M,38,67.34,8,2018-01,VIP,110011
2362,F,35,45.43,92,2018-09,,560001
1009,Other,30,51.16,66,2015-01,VIP,560001
2015,female,39,48.42,93,2017-10,,110011
2390,Male,33,60.79,21,2018-10,discount requested,400001
2061,Male,55,93.71,22,2017-11,,400001
1453,F,32,65.84,24,2016-03,loyal customer,560001
1254,female,25,50.07,44,2015-09,discount requested,400001
1897,F,27,67.85,95,2017-06,VIP,None
2352,,54,21.02,92,2018-09,call back required,None
1881,female,47,,98,2017-05,discount requested,
1737,Female,35,87.64,43,2017-01,loyal customer,560001
1624,male,30,58.66,23,2016-09,loyal customer,560001
1346,Other,27,37.37,26,2015-12,discount requested,110011
2330,female,23,78.3,71,2018-08,call back required,560001
1263,female,34,46.53,55,2015-09,,110011
1151,M,29,53.68,12,2015-05,discount requested,None
1473,M,28,80.88,65,2016-04,,110011
1641,F,26,,68,2016-10,discount requested,
1221,M,35,74.75,29,2015-08,loyal customer,None
2457,F,45,83.54,100,2018-12,discount requested,
1551,Male,34,,47,2016-07,,400001
1929,F,41,56.48,85,2017-07,VIP,
1489,Male,22,44.98,87,2016-05,,560001
2403,Male,25,85.64,46,2018-11,loyal customer,None
2172,M,45,78.49,16,2018-03,call back required,None
1147,M,36,56.36,83,2015-05,discount requested,110011
1403,M,42,65.69,59,2016-02,,110011
1955,M,38,45.89,72,2017-08,VIP,110011
2106,Female,38,37.84,31,2018-01,,400001
1660,male,29,88.15,21,2016-10,VIP,110011
1464,Male,30,67.15,65,2016-04,,110011
1187,male,46,38.32,44,2015-07,VIP,
2148,male,45,77.48,31,2018-02,,560001
2225,Male,27,80.21,59,2018-05,,560001
1609,Female,25,78.76,21,,call back required,400001
1144,,17,94.04,84,2015-05,discount requested,400001
1752,female,40,87.32,75,2017-01,loyal customer,None
1982,,32,67.25,62,2017-09,,560001
1198,Female,19,62.84,58,,VIP,110011
1884,,22,45.69,92,2017-06,,400001
1280,male,39,64.79,11,2015-10,,400001
1294,male,27,45.54,8,2015-10,discount requested,560001
2411,Female,28,81.48,3,2018-11,call back required,560001
1401,,19,66.17,35,2016-02,discount requested,560001
1123,male,29,77.68,29,2015-05,,
2208,F,20,63.91,44,2018-04,VIP,560001
1203,Other,36,75.51,78,2015-07,call back required,560001
1836,Female,56,74.03,34,2017-04,,None
1247,Male,30,60.13,47,2015-09,loyal customer,110011
2469,Female,35,46.22,22,2019-01,discount requested,110011
2455,Male,39,25.84,74,2018-12,discount requested,None
2154,male,31,62.88,73,2018-02,VIP,
1385,female,36,87.19,50,2016-01,VIP,
2366,F,31,61.17,77,2018-09,,560001
1855,Other,43,85.42,35,2017-05,VIP,400001
1220,Other,41,37.72,76,2015-08,loyal customer,560001
1642,F,56,63.55,74,2016-10,loyal customer,110011
1002,Female,46,54.49,25,,,None
1113,,31,69.27,80,2015-04,VIP,None
1699,male,58,40.07,96,2016-11,loyal customer,400001
2478,,26,89.6,70,,,560001
1952,Female,23,92.85,74,2017-08,VIP,None
2361,F,45,82.95,10,2018-09,call back required,None
2292,female,30,73.7,63,2018-07,loyal customer,560001
2400,female,44,90.71,100,2018-10,,110011
1442,,39,49.64,60,2016-03,VIP,400001
2137,Other,29,51.59,16,2018-02,VIP,560001
2257,F,28,47.01,83,2018-06,,400001
1664,F,32,34.97,17,2016-10,VIP,None
2419,female,34,47.67,82,2018-11,VIP,
2258,M,38,68.21,47,2018-06,VIP,
2375,M,25,53.47,17,,VIP,None
1318,Male,41,42.11,60,2015-11,call back required,None
1649,,35,68.84,90,2016-10,VIP,
1710,,40,52.14,82,2016-12,call back required,
2283,Male,33,69.77,94,2018-07,call back required,110011
1973,Male,33,66.05,87,2017-08,call back required,560001
1628,F,35,18.99,300,2016-09,,400001
1633,female,22,64.29,17,2016-09,loyal customer,
2307,,34,83.8,75,2018-07,call back required,
2249,male,24,57.27,76,2018-06,call back required,560001
1260,M,25,56.29,30,2015-09,,560001
2255,female,44,14.5,53,2018-06,call back required,
2372,M,34,49.45,78,2018-10,,560001
2355,male,30,41.53,73,2018-09,VIP,110011
2488,Male,29,62.84,12,2019-01,loyal customer,110011
2430,Other,26,31.86,24,,VIP,None
1796,Other,18,47.13,9,2017-03,VIP,
1646,female,39,72.73,11,2016-10,discount requested,400001
2013,F,24,81.67,33,2017-10,VIP,110011
1557,,32,73.31,69,2016-07,loyal customer,None
1682,female,34,39.94,55,2016-11,VIP,110011
1578,F,45,36.47,60,2016-07,discount requested,
2110,M,37,109.94,28,2018-01,VIP,400001
2267,Other,36,,49,2018-06,discount requested,
2184,Female,42,20.07,20,2018-03,call back required,400001
1525,male,55,45.03,20,2016-06,call back required,110011
2060,Female,39,54.77,7,2017-11,loyal customer,400001
1541,Other,37,58.37,25,2016-06,loyal customer,None
2195,male,28,75.62,64,2018-04,,
1749,Male,25,110.59,23,2017-01,call back required,400001
2433,F,18,71.79,94,2018-12,loyal customer,
1485,female,46,67.21,76,2016-04,loyal customer,
1096,F,31,48.55,80,2015-04,discount requested,400001
2021,Other,35,41.9,10,2017-10,discount requested,400001
1564,Other,48,28.73,16,2016-07,discount requested,None
2265,F,29,55.95,43,2018-06,,110011
1743,male,35,84.76,84,2017-01,loyal customer,None
1864,male,46,65.82,8,2017-05,discount requested,110011
1892,Other,39,90.3,25,2017-06,call back required,
2039,Male,37,36.76,11,2017-11,VIP,110011
1207,,40,62.89,37,2015-07,VIP,110011
1393,,36,71.23,52,2016-01,call back required,400001
1795,Male,21,61.98,72,2017-03,discount requested,400001
1871,female,47,68.3,97,2017-05,call back required,
1398,F,120,44.65,51,2016-02,discount requested,
1767,female,44,97.75,63,2017-02,discount requested,
2423,M,28,48.1,13,2018-11,VIP,None
2242,Female,25,24.8,70,2018-05,loyal customer,560001
2029,female,36,40.58,10,2017-10,,
1643,,23,63.29,74,2016-10,VIP,110011
1613,Female,36,63.56,81,2016-09,loyal customer,110011
1961,Male,23,49.18,27,2017-08,discount requested,None
1726,female,27,58.37,63,2016-12,VIP,110011
1684,Female,35,65.73,70,,discount requested,560001
1099,F,23,87.22,65,2015-04,VIP,560001
1805,F,56,55.06,95,2017-03,call back required,
1407,F,34,55.74,19,,,400001
1503,female,31,44.74,94,2016-05,call back required,560001
2072,male,60,35.32,62,2017-12,VIP,110011
2057,,31,46.98,68,2017-11,VIP,110011
1930,Male,44,68.17,78,,call back required,400001
1780,M,38,56.45,43,2017-02,,None
1201,Other,34,62.67,77,2015-07,VIP,400001
1135,Other,29,82.52,2,,,560001
2052,Male,-5,70.39,35,2017-11,discount requested,None
1041,M,39,76.98,100,2015-02,loyal customer,None
2018,M,24,,58,2017-10,call back required,
1231,F,47,69.72,46,,loyal customer,110011
1379,male,38,59.43,14,2016-01,call back required,400001
1289,Male,37,97.43,22,2015-10,VIP,
1419,,52,,91,2016-02,VIP,400001
1392,M,20,71.39,79,2016-01,,
1593,female,42,43.22,4,2016-08,,
2163,male,33,73.65,96,2018-03,,
2087,Male,47,105.31,28,2017-12,discount requested,400001
1648,Male,33,92.87,16,2016-10,call back required,110011
2153,Female,32,,79,2018-02,call back required,400001
2368,F,31,69.82,65,2018-09,call back required,
1521,,44,70.6,93,2016-06,loyal customer,400001
1065,Other,32,28.58,50,2015-03,discount requested,
1015,,39,,22,2015-01,,400001
2181,F,51,58.19,76,2018-03,,
2065,F,34,58.44,97,,discount requested,110011
1493,Male,34,42.3,85,2016-05,call back required,110011
1380,Male,39,56.93,22,2016-01,loyal customer,110011
1188,Other,27,96.27,80,2015-07,call back required,400001
1764,male,35,79.98,9,2017-02,VIP,
1217,Female,24,55.9,33,2015-08,loyal customer,110011
1792,,26,69.71,4,2017-03,,
2077,F,38,65.61,55,2017-12,discount requested,400001
1879,female,42,97.93,57,2017-05,loyal customer,
1338,M,37,55.16,79,2015-12,call back required,400001
1720,Female,32,60.64,86,2016-12,loyal customer,400001
1296,Female,27,97.41,57,2015-10,loyal customer,None
2017,male,11,72.72,21,2017-10,call back required,560001
2276,,0,93.87,37,2018-06,,
1456,M,41,74.32,38,2016-03,,
1366,Other,34,58.94,74,2016-01,discount requested,110011
1816,female,36,41.66,15,2017-03,,560001
1270,M,59,77.1,53,,,None
1996,female,21,56.53,38,,discount requested,
1202,,41,,68,2015-07,,None
1162,Male,0,53.67,81,2015-06,,110011
1730,Female,34,51.98,100,2016-12,call back required,
1402,Female,42,16.87,3,2016-02,loyal customer,
1703,Male,36,72.6,58,2016-12,discount requested,
2130,male,53,67.77,76,2018-02,,110011
1566,male,36,67.12,77,2016-07,discount requested,400001
2414,,42,93.17,97,2018-11,,
2022,Male,27,40.64,6,2017-10,call back required,400001
2026,F,27,73.44,57,2017-10,call back required,110011
2412,male,39,41.65,89,2018-11,discount requested,400001
2105,F,25,71.05,85,2018-01,loyal customer,110011
1206,female,41,54.12,52,2015-07,loyal customer,560001
1035,F,37,65.96,65,2015-02,loyal customer,110011
1776,female,-5,51.85,39,,,None
1509,,45,86.77,11,,,400001
2452,female,30,,57,2018-12,discount requested,
2479,F,30,51.74,99,2019-01,,560001
2420,Male,26,39.93,22,,VIP,560001
2391,male,33,70.61,77,2018-10,VIP,
1092,Female,45,62.42,54,2015-04,loyal customer,
2364,F,31,39.89,97,2018-09,loyal customer,400001
1898,Female,41,91.81,20,2017-06,,
1565,Female,0,79.6,76,2016-07,loyal customer,110011
2370,male,34,59.25,67,2018-10,discount requested,560001
1777,Male,29,74.03,25,2017-02,VIP,560001
1242,Other,45,53.94,61,2015-08,loyal customer,None
1014,M,30,46.17,76,2015-01,loyal customer,400001
1316,,46,61.34,29,2015-11,,560001
1601,female,25,49.75,82,,call back required,560001
1388,Other,49,20.29,85,2016-01,call back required,400001
2298,Male,48,28.41,23,2018-07,loyal customer,400001
1167,,40,46.94,33,2015-06,loyal customer,400001
1841,Other,50,42.4,86,2017-04,discount requested,400001
1021,F,30,72.57,65,2015-01,VIP,None
1647,female,33,76.68,91,2016-10,call back required,560001
2155,,34,55.54,39,2018-02,discount requested,400001
1832,female,32,50.91,27,2017-04,call back required,400001
2268,Female,24,78.17,12,2018-06,loyal customer,
1563,Other,32,48.77,84,2016-07,VIP,560001
2273,M,28,65.45,49,2018-06,VIP,
1687,F,36,70.66,47,2016-11,call back required,400001
1958,Male,19,61.09,6,2017-08,discount requested,
1190,F,52,,14,2015-07,loyal customer,
1976,male,26,54.68,79,2017-09,,
1700,M,38,79.66,17,2016-11,,400001
2500,Other,47,48.43,58,2019-02,discount requested,None
1511,Male,32,73.37,2,2016-05,,None
2083,female,48,64.92,2,2017-12,loyal customer,None
1475,M,39,52.76,27,2016-04,call back required,
1857,M,33,39.13,42,2017-05,loyal customer,400001
1748,Other,15,26.63,38,2017-01,,560001
1253,Female,21,46.74,58,,VIP,
1022,female,38,35.47,81,2015-01,VIP,560001
2338,F,29,88.4,61,2018-08,VIP,560001
1460,M,20,94.19,67,2016-04,call back required,None
2185,,35,57.58,5,,,110011
1277,Male,49,67.76,76,2015-10,discount requested,
1956,M,33,41.16,60,2017-08,call back required,560001
2216,Male,41,56.72,89,2018-04,,
1386,,42,55.22,89,2016-01,discount requested,None
1806,Female,28,50.63,98,2017-03,discount requested,400001
2438,female,33,40.53,12,,call back required,560001
2269,female,47,44.61,10,2018-06,loyal customer,
1344,male,24,92.68,18,2015-12,discount requested,None
1770,Male,44,72.15,53,2017-02,loyal customer,400001
2333,Other,52,88.66,66,2018-08,discount requested,110011
1131,Female,14,,73,2015-05,,560001
1872,,35,47.12,49,2017-05,call back required,
2124,Other,39,35.31,81,2018-01,discount requested,None
2397,M,34,48.99,33,2018-10,discount requested,None
1088,Male,36,105.57,60,2015-03,,
2483,F,43,73.24,36,,loyal customer,
1331,Male,41,99.31,5,2015-11,call back required,400001
2239,Male,13,88.68,32,2018-05,,110011
1467,,33,55.5,90,2016-04,,
1122,female,33,43.64,39,2015-05,VIP,
2045,F,44,62.84,78,2017-11,loyal customer,110011
2096,male,25,52.35,12,2017-12,discount requested,None
2131,male,33,,27,2018-02,loyal customer,400001
2295,Female,31,36.65,92,2018-07,VIP,400001
1861,Female,39,62.95,82,2017-05,,
2460,M,29,76.78,43,2018-12,,
2127,Female,39,61.58,33,2018-01,,110011
