CustomerID,Gender,Age,Income (k$),Spending Score,JoinDate,Notes,ZipCode,Clusters
1052,Female,45,41.21,65,2015-02-01,loyal customer,110011.0,0
2442,Male,22,56.04,43,2018-12-01,No notes,,2
1352,Male,34,86.52,48,2015-12-01,discount requested,110011.0,2
1353,Male,29,26.46,65,2015-12-01,No notes,,0
1579,Male,28,38.47,96,2016-08-01,VIP,,1
1355,Unknown,20,52.13,2,2015-12-01,loyal customer,110011.0,2
1351,Female,50,60.30422651933701,26,2015-12-01,discount requested,110011.0,3
1241,Male,35,68.41,2,2015-08-01,VIP,,2
1262,Female,32,71.95,70,2015-09-01,call back required,110011.0,2
1340,Female,36,73.96,28,2015-12-01,discount requested,110011.0,2
2002,Other,26,32.67,40,2017-09-01,No notes,,0
1969,Female,25,54.56,57,2017-08-01,loyal customer,,1
1066,Male,19,59.69,87,2015-03-01,discount requested,400001.0,1
2297,Male,48,90.83,13,2018-07-01,call back required,560001.0,3
1031,Female,17,28.95,64,2015-01-01,VIP,,1
1465,Female,45,60.30422651933701,53,2016-04-01,loyal customer,110011.0,3
2382,Female,37,78.15,86,2018-10-01,VIP,,3
2117,Other,36,34.96,96,2018-01-01,loyal customer,,1
1176,Female,45,15.85,25,2015-06-01,No notes,560001.0,0
1169,Other,36,61.26,100,2015-06-01,loyal customer,110011.0,1
1980,Female,26,51.71,25,2017-09-01,loyal customer,560001.0,2
2010,Unknown,31,54.6,200,2017-10-01,VIP,,1
1530,Male,24,67.06,70,2016-06-01,loyal customer,,1
1276,Female,46,54.65,42,2015-10-01,No notes,,0
2025,Unknown,28,68.68,20,2017-10-01,VIP,400001.0,2
1825,Unknown,46,18.79,44,2017-04-01,loyal customer,,0
1345,Male,36,30.44,30,2015-12-01,discount requested,,0
1238,Female,20,86.99,55,2015-08-01,call back required,,2
1060,Female,35,94.9,10,2015-03-01,No notes,400001.0,2
1325,Female,35,74.56,23,2016-03-01,No notes,,2
1272,Unknown,29,60.30422651933701,43,2015-09-01,VIP,560001.0,2
1372,Unknown,37,86.86,78,2016-01-01,No notes,560001.0,3
1163,Unknown,16,31.88,69,2015-06-01,discount requested,,1
1555,Male,51,67.0,84,2016-07-01,No notes,,3
2081,Male,24,69.36,200,2017-12-01,No notes,400001.0,1
1507,Unknown,38,84.13,60,2016-05-01,call back required,110011.0,3
2484,Male,33,21.43,58,2019-01-01,No notes,400001.0,0
1469,Female,41,54.66,9,2016-04-01,VIP,400001.0,0
1185,Male,60,82.14,57,2015-07-01,No notes,110011.0,3
1644,Male,38,57.87,88,2016-10-01,VIP,,1
1332,Male,56,60.30422651933701,92,2015-11-01,discount requested,,3
1495,Female,35,50.95,69,2016-05-01,loyal customer,,1
2101,Male,44,26.61,14,2018-01-01,No notes,400001.0,0
1260,Male,25,56.29,30,2015-09-01,No notes,560001.0,2
1275,Male,28,59.45,49,2015-10-01,loyal customer,560001.0,2
2170,Male,40,63.56,69,2018-03-01,loyal customer,,3
1637,Male,32,63.43,99,2016-09-01,No notes,,1
1848,Male,15,42.57,28,2017-04-01,call back required,,1
1965,Other,51,14.88,32,2017-08-01,discount requested,400001.0,0
1125,Female,27,59.86,90,2016-03-01,No notes,560001.0,1
1439,Other,28,67.62,29,2016-03-01,VIP,560001.0,2
2262,Male,32,25.81,18,2016-03-01,VIP,400001.0,0
2220,Male,27,29.49,84,2018-05-01,No notes,400001.0,1
2496,Female,36,32.74,33,2019-02-01,call back required,110011.0,0
2256,Male,37,36.13,64,2018-06-01,loyal customer,110011.0,0
1340,Female,36,73.96,28,2015-12-01,discount requested,110011.0,2
1585,Female,21,60.7,80,2016-08-01,discount requested,,1
2348,Other,25,87.03,70,2018-09-01,VIP,110011.0,2
1024,Unknown,25,96.75,94,2015-01-01,loyal customer,560001.0,2
1977,Unknown,32,60.06,53,2017-09-01,discount requested,110011.0,2
1204,Male,21,32.09,97,2015-07-01,discount requested,110011.0,1
1417,Female,24,61.97,69,2016-02-01,No notes,110011.0,1
1050,Female,33,60.30422651933701,98,2015-02-01,VIP,400001.0,1
1909,Other,20,54.93,58,2016-03-01,No notes,,1
1971,Unknown,42,36.68,98,2017-08-01,VIP,560001.0,1
1745,Male,34,22.95,4,2017-01-01,discount requested,,0
1298,Other,52,42.48,20,2016-03-01,discount requested,110011.0,0
2498,Unknown,31,55.13,18,2019-02-01,discount requested,560001.0,2
1434,Unknown,36,44.2,22,2016-03-01,call back required,,0
1716,Unknown,43,64.84,64,2016-03-01,loyal customer,400001.0,3
1487,Male,31,75.73,46,2016-05-01,VIP,,2
1124,Other,45,55.64,54,2015-05-01,loyal customer,,3
1629,Other,27,60.30422651933701,33,2016-09-01,VIP,,2
1842,Unknown,40,34.79,24,2017-04-01,VIP,,0
2275,Other,23,60.30422651933701,21,2018-06-01,No notes,,2
1199,Female,27,34.2,89,2015-07-01,call back required,110011.0,1
1200,Male,32,24.01,57,2015-07-01,loyal customer,400001.0,0
2122,Male,36,46.11,86,2018-01-01,No notes,,1
1584,Male,57,82.27,86,2016-03-01,VIP,,3
2050,Male,47,34.96,30,2016-03-01,call back required,560001.0,0
1731,Male,45,55.66,94,2016-12-01,discount requested,,3
1100,Female,52,40.1,69,2015-04-01,No notes,560001.0,0
1077,Female,60,105.78,79,2015-03-01,VIP,,3
1052,Female,45,41.21,65,2015-02-01,loyal customer,110011.0,0
1071,Male,32,69.11,200,2015-03-01,loyal customer,560001.0,1
1622,Male,48,49.31,77,2016-09-01,discount requested,,3
1077,Female,60,105.78,79,2015-03-01,VIP,,3
1987,Female,42,70.76,46,2017-09-01,discount requested,,3
1515,Male,42,37.02,21,2016-05-01,loyal customer,,0
1142,Male,34,60.30422651933701,58,2015-05-01,loyal customer,110011.0,1
1271,Female,28,65.28,70,2015-09-01,discount requested,400001.0,1
1908,Male,44,66.12,19,2017-06-01,VIP,560001.0,3
1240,Unknown,43,60.30422651933701,9,2015-08-01,discount requested,110011.0,0
2402,Male,39,62.08,21,2016-03-01,No notes,,0
1988,Female,32,76.61,22,2017-09-01,No notes,,2
1758,Male,31,26.69,18,2017-01-01,VIP,400001.0,0
1221,Male,35,74.75,29,2015-08-01,loyal customer,,2
2099,Female,47,64.35,72,2018-01-01,No notes,,3
1708,Unknown,21,52.96,59,2016-12-01,No notes,,1
1186,Female,34,41.85,49,2015-07-01,loyal customer,,0
2092,Other,40,82.12,79,2016-03-01,VIP,,3
1661,Unknown,40,52.92,50,2016-10-01,No notes,,0
1317,Male,48,74.45,39,2015-11-01,VIP,110011.0,3
2260,Male,36,50.16,16,2018-06-01,loyal customer,560001.0,0
1817,Male,31,87.65,23,2017-03-01,No notes,,2
2118,Female,54,75.32,67,2018-01-01,VIP,,3
1694,Female,41,37.48,31,2016-11-01,call back required,110011.0,0
1136,Female,38,60.30422651933701,48,2015-05-01,call back required,,3
1715,Unknown,34,53.91,99,2016-12-01,VIP,400001.0,1
1820,Male,25,61.86,96,2017-03-01,discount requested,,1
1673,Female,38,57.77,9,2016-11-01,No notes,,0
1484,Female,6,69.27,76,2016-04-01,discount requested,,1
1611,Female,40,49.61,23,2016-09-01,VIP,400001.0,0
1068,Male,32,49.12,59,2016-03-01,discount requested,110011.0,1
1382,Female,39,61.71,23,2016-01-01,call back required,,0
1652,Unknown,57,89.84,80,2016-03-01,call back required,400001.0,3
1781,Male,20,66.1,15,2017-02-01,No notes,560001.0,2
2209,Male,31,38.86,34,2018-04-01,call back required,,0
1707,Female,27,60.30422651933701,25,2016-12-01,No notes,,2
2417,Male,38,74.87,86,2018-11-01,call back required,,3
2357,Female,61,63.18,97,2018-09-01,VIP,110011.0,3
1865,Female,36,51.68,53,2016-03-01,No notes,400001.0,0
2176,Other,16,33.08,90,2018-03-01,call back required,400001.0,1
1414,Male,14,11.81,11,2016-02-01,No notes,,0
2095,Male,31,58.87,42,2016-03-01,loyal customer,560001.0,2
2290,Male,46,46.95,12,2018-07-01,VIP,,0
1030,Female,22,63.59,86,2015-01-01,call back required,110011.0,1
2081,Male,24,69.36,200,2017-12-01,No notes,400001.0,1
1721,Male,37,94.58,83,2016-03-01,discount requested,,3
1440,Male,30,75.82,35,2016-03-01,call back required,560001.0,2
1577,Female,51,108.99,77,2016-07-01,VIP,400001.0,3
2098,Female,31,52.15,23,2018-01-01,discount requested,560001.0,0
2492,Other,44,60.30422651933701,11,2019-01-01,VIP,,0
2409,Other,42,24.92,8,2016-03-01,discount requested,,0
2339,Female,27,53.12,26,2018-08-01,VIP,560001.0,2
2383,Male,34,62.25,25,2018-10-01,loyal customer,,2
1803,Male,41,51.36,81,2017-03-01,call back required,,3
1995,Female,37,38.56,46,2017-09-01,No notes,400001.0,0
2263,Other,33,43.23,52,2018-06-01,No notes,,0
1426,Female,28,96.68,41,2016-03-01,discount requested,560001.0,2
1902,Female,30,75.15,87,2017-06-01,call back required,,1
1846,Female,26,77.08,76,2017-04-01,VIP,400001.0,1
1412,Unknown,35,47.22,5,2016-02-01,discount requested,400001.0,0
1768,Unknown,20,62.39,76,2017-02-01,loyal customer,400001.0,1
1744,Female,40,60.30422651933701,15,2017-01-01,No notes,110011.0,0
1290,Unknown,38,69.79,53,2015-10-01,No notes,,3
1307,Female,41,103.11,27,2015-11-01,VIP,110011.0,2
1528,Male,24,90.11,32,2016-06-01,discount requested,400001.0,2
1529,Male,41,34.89,26,2016-03-01,VIP,,0
1463,Female,51,60.30422651933701,48,2016-04-01,discount requested,,3
2058,Other,30,47.32,52,2017-11-01,VIP,400001.0,0
2236,Female,43,69.94,100,2018-05-01,No notes,400001.0,3
1614,Male,21,60.30422651933701,58,2016-09-01,No notes,400001.0,1
1045,Female,53,76.8,81,2016-03-01,loyal customer,,3
2291,Male,24,55.38,35,2018-07-01,loyal customer,560001.0,2
1635,Male,27,68.89,91,2016-09-01,VIP,,1
2166,Male,46,78.45,35,2016-03-01,call back required,400001.0,3
2145,Female,42,62.66,93,2018-02-01,loyal customer,,3
2143,Unknown,40,67.53,38,2018-02-01,call back required,560001.0,3
2188,Male,26,81.14,58,2018-04-01,VIP,560001.0,2
1116,Female,41,17.67,22,2015-04-01,loyal customer,110011.0,0
2189,Male,56,40.28,59,2018-04-01,loyal customer,,0
1983,Female,34,57.12,55,2017-09-01,call back required,560001.0,0
1991,Male,19,45.55,8,2017-09-01,VIP,110011.0,2
2042,Male,46,38.65,39,2017-11-01,No notes,400001.0,0
2204,Male,34,74.08,75,2018-04-01,call back required,,3
1680,Male,39,81.81,70,2016-11-01,loyal customer,,3
1079,Other,35,58.85,71,2015-03-01,call back required,560001.0,1
1299,Female,29,60.30422651933701,25,2016-03-01,VIP,400001.0,2
2429,Female,35,61.22,78,2018-11-01,call back required,560001.0,1
1678,Unknown,22,35.64,3,2016-11-01,call back required,,0
1599,Female,18,87.8,99,2016-03-01,loyal customer,110011.0,1
1333,Female,31,40.85,69,2015-11-01,call back required,110011.0,1
1945,Female,32,57.67,93,2017-08-01,discount requested,,1
1016,Female,38,50.64,37,2015-01-01,No notes,110011.0,0
1598,Other,32,79.17,16,2016-08-01,loyal customer,,2
2094,Other,31,60.22,20,2016-03-01,loyal customer,110011.0,2
1406,Female,34,60.30422651933701,64,2016-02-01,VIP,560001.0,1
2240,Male,27,64.99,10,2018-05-01,No notes,,2
1494,Female,39,89.14,11,2016-03-01,No notes,,2
1354,Unknown,53,61.85,38,2015-12-01,VIP,110011.0,3
1786,Male,25,75.15,60,2017-02-01,call back required,,2
2385,Male,40,58.45,86,2018-10-01,loyal customer,110011.0,3
1535,Male,43,67.59,51,2016-06-01,No notes,,3
2359,Female,37,79.4,6,2018-09-01,loyal customer,560001.0,2
2177,Other,40,37.35,86,2018-03-01,discount requested,560001.0,0
1567,Male,33,52.89,39,2016-07-01,loyal customer,560001.0,0
2482,Female,36,41.83,46,2019-01-01,discount requested,560001.0,0
2497,Unknown,28,73.98,13,2016-03-01,VIP,400001.0,2
1433,Female,48,83.98,99,2016-03-01,No notes,,3
1414,Male,14,11.81,11,2016-02-01,No notes,,0
1938,Female,33,61.39,75,2017-07-01,loyal customer,,1
2053,Male,39,57.57,77,2017-11-01,loyal customer,,3
2358,Male,19,52.65,65,2018-09-01,call back required,560001.0,1
2051,Male,35,67.26,12,2017-11-01,loyal customer,,2
1245,Other,57,30.22,64,2015-09-01,loyal customer,400001.0,0
1057,Unknown,24,56.97,69,2015-02-01,No notes,560001.0,1
2076,Female,31,43.98,77,2017-12-01,discount requested,110011.0,1
2449,Female,53,52.74,84,2018-12-01,loyal customer,560001.0,3
2282,Other,37,78.68,93,2016-03-01,No notes,400001.0,3
2277,Male,45,54.6,24,2018-06-01,discount requested,560001.0,0
2113,Unknown,40,73.67,99,2018-01-01,No notes,560001.0,3
1044,Unknown,39,68.66,59,2015-02-01,discount requested,110011.0,3
1472,Unknown,48,46.53,21,2016-04-01,discount requested,560001.0,0
1880,Female,38,64.4,37,2017-05-01,No notes,560001.0,2
2019,Unknown,41,57.61,85,2016-03-01,No notes,400001.0,3
1498,Female,30,55.94,66,2016-05-01,discount requested,110011.0,1
1102,Male,47,57.57,22,2015-04-01,loyal customer,,0
2197,Male,27,62.36,20,2018-04-01,call back required,,2
2381,Female,45,50.75,17,2018-10-01,discount requested,110011.0,0
1108,Female,42,45.0,36,2015-04-01,call back required,560001.0,0
1757,Male,36,67.71,11,2017-01-01,VIP,400001.0,2
1071,Male,32,69.11,200,2015-03-01,loyal customer,560001.0,1
1812,Male,27,51.98,100,2017-03-01,No notes,,1
1428,Female,38,53.25,37,2016-03-01,No notes,400001.0,0
1561,Female,40,56.21,88,2016-07-01,No notes,110011.0,3
2085,Female,13,84.82,31,2017-12-01,loyal customer,,2
2097,Male,51,60.30422651933701,73,2018-01-01,loyal customer,110011.0,3
1742,Female,33,60.30422651933701,2,2017-01-01,call back required,400001.0,2
1856,Female,29,60.30422651933701,93,2017-05-01,VIP,110011.0,1
1129,Female,22,45.38,60,2015-05-01,No notes,,1
2103,Female,39,42.68,25,2018-01-01,discount requested,110011.0,0
1375,Male,22,43.96,26,2016-01-01,discount requested,110011.0,0
2305,Male,22,67.21,34,2018-07-01,VIP,,2
1887,Male,29,60.30422651933701,92,2017-06-01,loyal customer,560001.0,1
1384,Female,48,70.93,71,2016-01-01,call back required,,3
1675,Female,15,60.30422651933701,53,2016-11-01,No notes,560001.0,1
2379,Female,13,89.33,26,2018-10-01,call back required,,2
1362,Male,29,55.26,27,2015-12-01,No notes,560001.0,2
1683,Other,40,63.99,1,2016-11-01,call back required,,0
2048,Male,45,40.54,56,2017-11-01,VIP,110011.0,0
1310,Female,31,88.61,26,2015-11-01,loyal customer,110011.0,2
1248,Male,49,87.06,2,2015-09-01,No notes,400001.0,3
2030,Female,51,88.25,73,2017-10-01,call back required,,3
2444,Male,37,53.77,40,2018-12-01,call back required,,0
1591,Male,40,86.92,18,2016-08-01,loyal customer,,2
1033,Female,41,50.56,26,2015-02-01,No notes,400001.0,0
1789,Unknown,34,90.64,23,2017-02-01,VIP,110011.0,2
1533,Male,33,67.98,97,2016-06-01,discount requested,400001.0,1
1627,Female,35,20.14,18,2016-09-01,discount requested,,0
1429,Male,43,42.03,45,2016-03-01,loyal customer,400001.0,0
1670,Other,27,87.35,20,2016-10-01,No notes,400001.0,2
1368,Male,24,50.41,62,2016-01-01,loyal customer,,1
2471,Female,31,52.23,25,2019-01-01,call back required,560001.0,0
2125,Female,41,40.0,52,2018-01-01,loyal customer,,0
1931,Other,35,75.29,33,2017-07-01,call back required,560001.0,2
1232,Female,26,84.96,68,2015-08-01,VIP,110011.0,2
1552,Female,38,34.27,54,2016-07-01,discount requested,110011.0,0
2326,Male,38,59.63,81,2018-08-01,call back required,560001.0,3
1383,Female,41,76.18,48,2016-01-01,discount requested,110011.0,3
1164,Female,22,41.37,45,2015-06-01,discount requested,400001.0,1
2443,Female,35,46.42,17,2018-12-01,call back required,400001.0,0
1544,Male,46,108.4,76,2016-03-01,VIP,560001.0,3
2286,Female,17,20.48,71,2018-07-01,No notes,,1
1998,Female,34,30.63,54,2017-09-01,VIP,,0
1821,Other,47,54.96,7,2017-03-01,loyal customer,,0
2228,Unknown,19,56.6,84,2018-05-01,No notes,,1
1193,Male,42,52.83,64,2015-07-01,call back required,,3
2107,Female,23,73.24,54,2018-01-01,loyal customer,,2
1064,Male,51,63.97,41,2015-03-01,call back required,400001.0,3
2141,Female,42,74.34,8,2018-02-01,discount requested,110011.0,2
1904,Other,31,50.65,23,2017-06-01,loyal customer,,0
2091,Female,43,90.79,95,2017-12-01,discount requested,400001.0,3
1615,Female,28,61.9,14,2016-09-01,call back required,110011.0,2
1479,Male,34,95.15,28,2016-04-01,discount requested,560001.0,2
1618,Unknown,39,71.98,30,2016-09-01,No notes,110011.0,2
2248,Female,39,59.97,54,2018-06-01,loyal customer,560001.0,3
1219,Unknown,34,72.84,30,2015-08-01,loyal customer,110011.0,2
1514,Female,34,37.98,200,2016-05-01,loyal customer,,1
2252,Female,35,89.63,19,2018-06-01,loyal customer,,2
1974,Male,32,75.06,35,2017-08-01,VIP,400001.0,2
2476,Unknown,31,93.18,88,2019-01-01,discount requested,,2
2044,Male,20,55.67,90,2017-11-01,discount requested,400001.0,1
2278,Other,28,54.21,55,2018-07-01,discount requested,110011.0,1
2112,Male,32,60.30422651933701,89,2018-01-01,loyal customer,,1
2117,Other,36,34.96,96,2018-01-01,loyal customer,,1
1967,Female,28,37.01,17,2016-03-01,VIP,400001.0,0
1893,Male,46,52.73,7,2017-06-01,VIP,,0
2342,Unknown,30,32.15,70,2018-09-01,discount requested,560001.0,1
1304,Female,29,48.83,72,2015-10-01,VIP,,1
1665,Male,29,74.6,32,2016-10-01,VIP,560001.0,2
1650,Female,33,60.03,61,2016-10-01,call back required,560001.0,1
1483,Female,42,60.30422651933701,3,2016-04-01,call back required,110011.0,0
2207,Female,35,23.87,54,2018-04-01,loyal customer,,0
2395,Female,41,67.84,39,2018-10-01,discount requested,,3
1501,Other,50,52.21,33,2016-05-01,No notes,,0
1589,Female,48,46.68,82,2016-08-01,call back required,,3
1713,Male,38,43.97,26,2016-12-01,call back required,400001.0,0
1278,Female,29,60.77,100,2015-10-01,VIP,,1
2205,Female,19,65.6,33,2018-04-01,loyal customer,,2
1888,Female,40,60.30422651933701,78,2017-06-01,discount requested,110011.0,3
1608,Unknown,44,74.31,25,2016-08-01,call back required,,3
1237,Female,45,13.34,35,2015-08-01,VIP,560001.0,0
2373,Unknown,17,68.08,31,2018-10-01,loyal customer,110011.0,2
2023,Male,33,56.83,13,2017-10-01,No notes,110011.0,2
2494,Male,47,56.81,52,2019-02-01,discount requested,,3
2356,Female,33,69.99,25,2018-09-01,VIP,110011.0,2
2074,Male,38,52.67,73,2016-03-01,discount requested,110011.0,1
1209,Female,43,63.44,44,2015-07-01,discount requested,400001.0,3
1773,Male,23,82.62,56,2017-02-01,loyal customer,,2
1616,Male,38,45.03,93,2016-09-01,VIP,110011.0,1
2190,Unknown,33,88.37,93,2018-04-01,VIP,,3
1059,Male,43,66.02,13,2015-02-01,No notes,110011.0,0
1343,Male,45,91.91,97,2016-03-01,discount requested,400001.0,3
1395,Male,43,60.30422651933701,25,2016-03-01,call back required,110011.0,0
1454,Female,18,60.30422651933701,87,2016-03-01,call back required,560001.0,1
1844,Other,45,60.30422651933701,18,2017-04-01,call back required,110011.0,0
2231,Other,19,49.7,91,2018-05-01,discount requested,110011.0,1
2055,Male,28,70.03,31,2017-11-01,discount requested,110011.0,2
2282,Other,37,78.68,93,2016-03-01,No notes,400001.0,3
1381,Unknown,40,60.30422651933701,51,2016-01-01,No notes,560001.0,3
2461,Female,34,43.45,23,2018-12-01,loyal customer,,0
2340,Female,28,71.5,71,2018-09-01,call back required,,1
2281,Male,37,53.51,81,2016-03-01,VIP,,1
2193,Female,35,63.79,46,2018-04-01,No notes,110011.0,2
1746,Male,39,76.71,86,2017-01-01,VIP,,3
1234,Female,30,118.47,51,2015-08-01,call back required,,2
2312,Male,34,54.78,31,2018-08-01,VIP,110011.0,0
1197,Male,41,36.57,20,2015-07-01,VIP,560001.0,0
2191,Male,36,76.86,80,2018-04-01,call back required,560001.0,3
2303,Other,44,29.08,97,2018-07-01,VIP,,0
1082,Female,33,73.76,20,2015-03-01,VIP,,2
2451,Unknown,37,33.12,75,2016-03-01,call back required,400001.0,0
1669,Female,35,52.08,27,2016-10-01,loyal customer,400001.0,0
2394,Female,5,41.58,55,2018-10-01,No notes,,1
1112,Other,39,81.09,50,2015-04-01,No notes,560001.0,3
2320,Male,50,29.8,29,2018-08-01,loyal customer,,0
1830,Unknown,50,51.25,88,2017-04-01,loyal customer,,3
2310,Female,39,54.71,62,2018-08-01,call back required,,3
2000,Male,46,55.17,91,2017-09-01,loyal customer,,3
2309,Male,26,60.30422651933701,93,2018-08-01,discount requested,400001.0,1
2313,Male,40,54.71,2,2018-08-01,loyal customer,,0
1693,Female,45,38.4,46,2016-11-01,No notes,400001.0,0
1311,Unknown,40,62.84,27,2015-11-01,No notes,,0
1630,Other,28,65.34,32,2016-09-01,discount requested,560001.0,2
1430,Female,41,60.30422651933701,80,2016-03-01,call back required,,3
1571,Female,50,60.30422651933701,88,2016-07-01,VIP,110011.0,3
1890,Male,38,65.32,4,2017-06-01,discount requested,,2
2327,Male,33,68.68,21,2018-08-01,No notes,,2
1367,Female,53,67.66,17,2016-01-01,VIP,,3
1959,Male,40,61.98,19,2017-08-01,loyal customer,400001.0,0
1429,Male,43,42.03,45,2016-03-01,loyal customer,400001.0,0
2392,Female,46,49.57,89,2016-03-01,loyal customer,400001.0,3
2380,Male,66,85.41,53,2016-03-01,discount requested,110011.0,3
1900,Male,39,60.30422651933701,11,2017-06-01,call back required,,0
1486,Female,17,60.68,66,2016-04-01,discount requested,,1
1539,Female,59,23.64,12,2016-06-01,VIP,110011.0,0
1482,Female,31,58.26,40,2016-03-01,discount requested,110011.0,2
1907,Male,37,72.89,34,2017-06-01,loyal customer,400001.0,2
1621,Female,37,61.86,56,2016-09-01,No notes,110011.0,3
1719,Unknown,44,78.51,54,2016-12-01,No notes,560001.0,3
1723,Female,28,81.95,53,2016-12-01,loyal customer,,2
2421,Male,33,49.27,46,2018-11-01,No notes,400001.0,0
2317,Male,34,44.7,34,2016-03-01,discount requested,400001.0,0
1255,Male,24,35.46,74,2015-09-01,loyal customer,110011.0,1
1323,Female,38,93.99,97,2015-11-01,No notes,110011.0,3
2129,Female,41,68.66,42,2018-02-01,No notes,400001.0,3
1452,Female,24,67.96,2,2016-03-01,loyal customer,,2
2235,Male,51,64.06,49,2018-05-01,No notes,,3
2369,Male,38,34.29,52,2018-09-01,discount requested,560001.0,0
2180,Male,44,66.56,56,2018-03-01,VIP,,3
2134,Other,33,78.41,64,2016-03-01,loyal customer,,2
1906,Male,31,64.43,71,2017-06-01,call back required,,1
1491,Unknown,30,74.09,69,2016-05-01,VIP,110011.0,2
1087,Female,27,59.41,1,2015-03-01,VIP,400001.0,2
2468,Female,46,32.62,50,2019-01-01,loyal customer,560001.0,0
1366,Other,34,58.94,74,2016-01-01,discount requested,110011.0,1
1266,Male,38,36.78,3,2015-09-01,No notes,560001.0,0
1288,Female,31,87.3,44,2016-03-01,discount requested,400001.0,2
2042,Male,46,38.65,39,2017-11-01,No notes,400001.0,0
1359,Male,24,77.07,38,2015-12-01,loyal customer,,2
1480,Female,46,38.53,45,2016-04-01,No notes,560001.0,0
2186,Female,18,19.86,23,2016-03-01,discount requested,400001.0,0
1918,Female,55,76.71,25,2017-07-01,loyal customer,,3
2325,Female,46,51.82,37,2018-08-01,discount requested,560001.0,0
1860,Other,51,41.06,78,2017-05-01,discount requested,,3
1222,Male,35,82.82,3,2015-08-01,loyal customer,560001.0,2
1114,Female,46,70.93,41,2015-04-01,loyal customer,400001.0,3
1608,Unknown,44,74.31,25,2016-08-01,call back required,,3
1619,Other,34,33.28,19,2016-09-01,discount requested,110011.0,0
1175,Unknown,25,60.30422651933701,78,2015-06-01,discount requested,,1
2405,Male,28,70.17,16,2018-11-01,No notes,110011.0,2
1568,Unknown,35,88.41,89,2016-07-01,No notes,560001.0,3
2203,Female,20,47.3,34,2018-04-01,VIP,400001.0,2
2241,Female,32,75.42,11,2016-03-01,loyal customer,,2
1019,Unknown,32,84.88,84,2015-01-01,call back required,110011.0,3
2038,Other,66,37.89,89,2017-11-01,No notes,,3
1286,Male,52,109.08,52,2015-10-01,loyal customer,,3
1924,Other,29,77.94,74,2017-07-01,No notes,400001.0,2
2426,Female,31,84.53,90,2018-11-01,loyal customer,,1
2237,Male,32,40.43,63,2016-03-01,loyal customer,,0
1032,Male,49,75.78,45,2015-02-01,VIP,560001.0,3
1586,Other,18,37.82,41,2016-08-01,VIP,110011.0,1
1211,Other,34,74.26,5,2015-07-01,loyal customer,560001.0,2
2033,Male,32,61.16,12,2017-10-01,VIP,560001.0,2
1215,Male,37,54.51,9,2015-08-01,discount requested,,0
1742,Female,33,60.30422651933701,2,2017-01-01,call back required,400001.0,2
1863,Male,41,60.30422651933701,24,2017-05-01,discount requested,,0
1835,Male,39,58.49,24,2017-04-01,loyal customer,110011.0,0
2168,Female,37,53.45,54,2018-03-01,discount requested,,0
1416,Male,28,50.67,68,2016-03-01,loyal customer,110011.0,1
2463,Female,28,52.33,58,2019-01-01,discount requested,,1
1189,Other,34,71.82,75,2015-07-01,discount requested,,3
1421,Male,29,18.77,63,2016-02-01,VIP,,0
2329,Female,19,60.30422651933701,19,2018-08-01,call back required,,2
1148,Male,33,63.47,82,2015-05-01,VIP,,1
1423,Female,48,91.44,82,2016-02-01,VIP,110011.0,3
2210,Female,27,40.78,71,2018-04-01,loyal customer,110011.0,1
1084,Unknown,29,71.96,200,2015-03-01,No notes,110011.0,1
1713,Male,38,43.97,26,2016-12-01,call back required,400001.0,0
2152,Female,53,70.14,17,2018-02-01,No notes,,3
1156,Male,17,79.66,99,2015-06-01,loyal customer,,1
2106,Female,38,37.84,31,2018-01-01,No notes,400001.0,0
2178,Unknown,48,58.75,31,2018-03-01,No notes,400001.0,3
1782,Male,36,41.81,83,2017-02-01,No notes,560001.0,1
2088,Unknown,34,60.30422651933701,60,2017-12-01,loyal customer,560001.0,1
2150,Male,43,82.04,60,2016-03-01,VIP,,3
2271,Male,44,53.41,55,2018-06-01,call back required,560001.0,3
2086,Male,28,45.95,93,2016-03-01,No notes,400001.0,1
1814,Female,28,81.56,66,2017-03-01,discount requested,,2
1180,Male,36,48.95,29,2015-06-01,No notes,,0
1984,Female,27,64.06,46,2017-09-01,VIP,110011.0,2
2289,Female,45,80.56,73,2018-07-01,call back required,560001.0,3
1440,Male,30,75.82,35,2016-03-01,call back required,560001.0,2
1549,Male,38,60.30422651933701,77,2016-07-01,call back required,,3
1870,Female,40,62.59,5,2017-05-01,VIP,,0
1364,Male,43,68.72,72,2015-12-01,VIP,400001.0,3
1427,Male,41,54.9,2,2016-03-01,loyal customer,560001.0,0
2217,Female,37,60.81,61,2018-05-01,No notes,400001.0,3
2392,Female,46,49.57,89,2016-03-01,loyal customer,400001.0,3
1347,Male,46,54.59,16,2015-12-01,call back required,400001.0,0
2075,Male,36,66.1,98,2017-12-01,VIP,400001.0,1
1915,Female,29,51.19,45,2017-07-01,No notes,,0
1590,Female,40,56.62,49,2016-03-01,loyal customer,,0
1899,Other,33,50.81,83,2017-06-01,VIP,400001.0,1
2336,Female,40,76.27,88,2018-08-01,VIP,,3
2212,Female,48,84.04,23,2018-04-01,VIP,,3
1911,Male,19,62.82,300,2017-06-01,call back required,,1
1671,Male,37,58.08,25,2016-11-01,call back required,560001.0,0
1244,Male,49,60.30422651933701,44,2015-09-01,loyal customer,,3
2492,Other,44,60.30422651933701,11,2019-01-01,VIP,,0
1576,Female,21,71.8,50,2016-07-01,call back required,400001.0,2
1655,Female,34,54.92,99,2016-10-01,discount requested,400001.0,1
1813,Male,39,93.99,12,2017-03-01,discount requested,,2
2035,Male,43,91.29,25,2016-03-01,discount requested,110011.0,3
1737,Female,35,87.64,43,2017-01-01,loyal customer,560001.0,2
1436,Unknown,28,60.76,11,2016-03-01,call back required,110011.0,2
2467,Male,26,100.24,6,2019-01-01,discount requested,560001.0,2
2285,Other,42,53.43,97,2018-07-01,VIP,560001.0,3
1309,Unknown,40,31.11,96,2015-11-01,discount requested,110011.0,1
1431,Male,45,43.69,48,2016-03-01,loyal customer,400001.0,0
1939,Female,50,61.52,48,2017-07-01,No notes,400001.0,3
1399,Unknown,30,72.76,58,2016-02-01,No notes,400001.0,2
1424,Male,44,48.39,12,2016-02-01,No notes,560001.0,0
1371,Female,34,69.31,70,2016-01-01,loyal customer,,3
1055,Other,33,82.46,68,2015-02-01,discount requested,,2
1810,Female,50,39.94,300,2017-03-01,loyal customer,110011.0,1
1592,Unknown,43,75.98,7,2016-08-01,No notes,,2
2319,Male,32,11.32,75,2018-08-01,VIP,110011.0,0
1313,Female,43,72.42,83,2015-11-01,loyal customer,400001.0,3
2332,Female,36,84.64,77,2018-08-01,loyal customer,,3
2079,Female,36,62.87,89,2017-12-01,VIP,560001.0,1
1110,Other,31,55.59,53,2015-04-01,discount requested,,1
1600,Female,34,29.86,300,2016-08-01,loyal customer,110011.0,1
2028,Male,25,43.76,8,2017-10-01,No notes,,0
1101,Other,44,70.52,51,2016-03-01,VIP,560001.0,3
2280,Female,32,80.39,7,2018-07-01,VIP,110011.0,2
1711,Other,23,96.85,18,2016-12-01,No notes,560001.0,2
2422,Male,27,74.32,91,2018-11-01,VIP,560001.0,1
1267,Female,36,63.29,26,2015-09-01,call back required,,2
2458,Female,62,69.69,88,2018-12-01,No notes,,3
1297,Female,34,62.29,73,2015-10-01,call back required,110011.0,1
1562,Male,42,30.26,50,2016-07-01,discount requested,,0
1462,Female,45,67.28,25,2016-04-01,No notes,110011.0,3
2005,Male,24,57.91,79,2017-10-01,No notes,400001.0,1
2404,Female,21,72.66,16,2018-11-01,VIP,110011.0,2
2011,Female,26,78.86,93,2017-10-01,VIP,560001.0,1
1378,Male,46,39.87,99,2016-01-01,VIP,,3
1287,Male,28,74.85,46,2015-10-01,loyal customer,,2
2487,Other,37,63.56,11,2019-01-01,call back required,400001.0,2
1127,Male,19,1.97,17,2016-03-01,No notes,,0
1328,Other,35,65.94,96,2015-11-01,VIP,110011.0,1
1293,Male,33,57.67,30,2015-10-01,loyal customer,400001.0,2
1583,Female,10,39.37,69,2016-08-01,loyal customer,,1
1808,Male,37,46.87,86,2017-03-01,VIP,110011.0,1
1523,Female,44,91.78,61,2016-06-01,call back required,110011.0,3
2245,Other,32,43.88,34,2016-03-01,discount requested,,0
2261,Other,34,63.64,72,2018-06-01,VIP,,1
1171,Unknown,28,47.91,9,2015-06-01,No notes,,0
2489,Male,10,43.33,42,2019-01-01,No notes,400001.0,1
2485,Other,38,79.79,76,2019-01-01,VIP,400001.0,3
1662,Male,51,42.72,43,2016-10-01,discount requested,,0
1778,Unknown,9,37.46,21,2017-02-01,discount requested,110011.0,1
2311,Male,30,92.37,13,2018-08-01,call back required,,2
1210,Female,39,38.81,98,2015-07-01,discount requested,,1
1705,Female,42,63.48,63,2016-12-01,call back required,,3
1553,Female,38,72.28,3,2016-07-01,discount requested,,2
1141,Unknown,31,52.71,58,2015-05-01,VIP,,1
2115,Other,43,83.21,71,2018-01-01,No notes,560001.0,3
2036,Male,34,68.22,49,2017-11-01,call back required,,2
2226,Female,19,74.98,10,2018-05-01,VIP,110011.0,2
2229,Female,37,94.55,18,2018-05-01,VIP,110011.0,2
1728,Male,26,63.41,31,2016-12-01,loyal customer,,2
1706,Female,44,39.22,91,2016-12-01,VIP,560001.0,0
1883,Male,33,76.28,40,2016-03-01,loyal customer,560001.0,2
1947,Female,31,78.25,2,2017-08-01,loyal customer,110011.0,2
1536,Female,39,92.18,5,2016-06-01,loyal customer,,2
1011,Male,43,64.63,82,2015-01-01,discount requested,400001.0,3
1765,Female,39,87.44,99,2017-02-01,call back required,560001.0,3
1283,Female,37,44.06,18,2015-10-01,loyal customer,560001.0,0
1292,Male,55,60.30422651933701,94,2015-10-01,No notes,110011.0,3
2024,Male,48,59.48,65,2017-10-01,discount requested,400001.0,3
2201,Female,30,58.39,37,2018-04-01,No notes,560001.0,2
1130,Female,52,64.84,31,2015-05-01,loyal customer,110011.0,3
1324,Male,31,59.73,16,2015-11-01,discount requested,,2
1722,Male,38,61.49,30,2016-12-01,No notes,400001.0,0
1527,Male,46,43.9,2,2016-06-01,discount requested,,0
1597,Female,27,53.71,55,2016-08-01,loyal customer,400001.0,1
2393,Unknown,40,78.77,26,2016-03-01,loyal customer,,2
2418,Other,45,35.57,74,2016-03-01,No notes,560001.0,0
2049,Female,30,84.26,4,2017-11-01,call back required,110011.0,2
1755,Male,32,33.61,8,2017-01-01,discount requested,110011.0,0
1159,Male,37,74.92,32,2015-06-01,loyal customer,,2
1611,Female,40,49.61,23,2016-09-01,VIP,400001.0,0
2006,Female,35,5.93,17,2017-10-01,call back required,110011.0,0
2108,Female,46,72.76,5,2018-01-01,call back required,,3
1196,Male,44,44.98,58,2015-07-01,loyal customer,110011.0,0
2491,Male,49,66.95,71,2019-01-01,loyal customer,400001.0,3
1545,Male,41,86.4,94,2016-06-01,call back required,560001.0,3
1411,Male,32,91.89,76,2016-02-01,loyal customer,,2
1097,Male,20,70.7,58,2015-04-01,VIP,400001.0,2
1620,Male,40,52.22,53,2016-09-01,call back required,400001.0,0
1157,Other,45,46.87,5,2015-06-01,loyal customer,,0
1420,Female,41,79.26,92,2016-03-01,No notes,400001.0,3
1679,Male,51,51.03,84,2016-11-01,No notes,,3
1478,Unknown,28,59.79,100,2016-04-01,discount requested,110011.0,1
2369,Male,38,34.29,52,2018-09-01,discount requested,560001.0,0
2213,Male,16,44.99,46,2018-04-01,No notes,110011.0,1
2466,Female,36,85.47,65,2019-01-01,discount requested,,3
1448,Female,39,98.63,49,2016-03-01,call back required,400001.0,3
1179,Male,39,56.53,42,2015-06-01,VIP,,0
1391,Male,34,50.15,9,2016-01-01,call back required,560001.0,0
2285,Other,42,53.43,97,2018-07-01,VIP,560001.0,3
1681,Unknown,27,32.91,97,2016-11-01,No notes,,1
2284,Male,43,107.23,71,2018-07-01,VIP,110011.0,3
2415,Male,46,56.44,66,2018-11-01,No notes,560001.0,3
1850,Female,23,89.57,23,2017-04-01,No notes,,2
1811,Male,35,62.4,12,2017-03-01,No notes,,2
1922,Other,40,68.73,80,2017-07-01,loyal customer,,3
1837,Male,28,50.43,40,2017-04-01,No notes,,0
1355,Unknown,20,52.13,2,2015-12-01,loyal customer,110011.0,2
1695,Male,24,56.79,88,2016-11-01,VIP,110011.0,1
1295,Male,21,51.98,98,2015-10-01,call back required,560001.0,1
1794,Female,52,69.25,78,2017-03-01,No notes,560001.0,3
1927,Female,33,96.73,19,2017-07-01,VIP,,2
1089,Female,32,70.93,56,2016-03-01,loyal customer,,2
1042,Other,37,95.46,80,2016-03-01,call back required,110011.0,3
1990,Unknown,40,83.86,48,2017-09-01,call back required,110011.0,3
1612,Male,25,63.07,57,2016-09-01,discount requested,400001.0,1
2328,Female,39,68.54,44,2018-08-01,No notes,110011.0,3
2434,Female,27,54.77,99,2018-12-01,discount requested,,1
1985,Unknown,10,63.06,24,2017-09-01,loyal customer,,2
2165,Female,35,33.04,43,2018-03-01,loyal customer,,0
1291,Male,41,65.71,59,2016-03-01,No notes,560001.0,3
2465,Male,29,49.9,6,2019-01-01,VIP,,0
1632,Female,52,62.69,54,2016-09-01,loyal customer,,3
1349,Unknown,29,23.45,39,2015-12-01,VIP,110011.0,0
1572,Male,26,92.66,47,2016-07-01,discount requested,,2
1603,Female,36,53.98,23,2016-08-01,VIP,110011.0,0
2459,Female,38,29.31,76,2018-12-01,VIP,560001.0,0
2037,Unknown,33,60.79,49,2017-11-01,No notes,560001.0,2
1882,Female,41,19.02,7,2017-05-01,call back required,400001.0,0
2151,Female,38,60.30422651933701,76,2018-02-01,No notes,110011.0,3
1459,Male,22,41.87,29,2016-04-01,call back required,110011.0,0
1376,Female,49,11.4,39,2016-03-01,No notes,560001.0,0
1334,Male,37,73.0,49,2015-11-01,VIP,,3
1989,Male,35,38.69,11,2017-09-01,call back required,560001.0,0
2367,Male,41,61.05,84,2018-09-01,call back required,400001.0,3
2132,Male,25,58.09,8,2018-02-01,call back required,560001.0,2
1753,Male,50,48.38,28,2017-01-01,call back required,110011.0,0
2436,Male,25,52.61,63,2018-12-01,discount requested,400001.0,1
1602,Unknown,23,104.4,29,2016-08-01,No notes,,2
1329,Unknown,21,3.6,12,2015-11-01,discount requested,400001.0,0
1319,Other,33,88.49,41,2015-11-01,discount requested,560001.0,2
2192,Male,40,84.13,54,2018-04-01,No notes,,3
2142,Male,30,17.86,38,2018-02-01,discount requested,,0
1013,Male,35,56.17,2,2016-03-01,discount requested,,0
1172,Female,20,59.02,62,2015-06-01,loyal customer,560001.0,1
1261,Male,44,60.30422651933701,71,2015-09-01,VIP,110011.0,3
1874,Male,52,96.44,30,2016-03-01,VIP,110011.0,3
1916,Female,36,60.30422651933701,25,2017-07-01,call back required,560001.0,2
1847,Male,24,60.30422651933701,57,2017-04-01,loyal customer,400001.0,1
1139,Other,36,68.83,97,2015-05-01,loyal customer,110011.0,1
1550,Other,27,85.81,57,2016-03-01,discount requested,,2
1651,Other,44,39.74,94,2016-10-01,loyal customer,110011.0,0
1901,Female,26,46.04,67,2017-06-01,VIP,,1
2349,Unknown,9,78.24,57,2018-09-01,discount requested,400001.0,2
1559,Unknown,46,47.17,33,2016-07-01,VIP,400001.0,0
1140,Male,36,42.7,99,2015-05-01,No notes,400001.0,1
2353,Other,22,72.9,30,2018-09-01,loyal customer,560001.0,2
1950,Female,50,70.6,93,2017-08-01,loyal customer,400001.0,3
1225,Male,35,60.30422651933701,30,2016-03-01,No notes,400001.0,2
2351,Female,46,18.7,61,2018-09-01,VIP,,0
1410,Female,43,23.28,73,2016-02-01,call back required,,0
1300,Unknown,37,79.11,19,2015-10-01,No notes,110011.0,2
1942,Female,53,73.51,54,2017-07-01,call back required,,3
1783,Unknown,34,74.46,48,2017-02-01,No notes,110011.0,2
1712,Male,13,71.74,37,2016-12-01,VIP,,2
2437,Female,43,48.89,78,2018-12-01,discount requested,560001.0,3
2007,Female,39,63.74,33,2017-10-01,VIP,,3
2266,Male,35,61.54,39,2018-06-01,No notes,,2
1574,Male,13,65.5,9,2016-07-01,call back required,400001.0,2
1504,Unknown,31,64.98,46,2016-05-01,VIP,110011.0,2
1606,Male,19,82.49,200,2016-08-01,VIP,,1
1809,Female,48,35.34,78,2017-03-01,loyal customer,560001.0,0
1004,Other,30,41.03,67,2015-01-01,No notes,,1
1793,Female,33,34.93,92,2017-03-01,No notes,,1
1468,Male,43,92.51,18,2016-04-01,VIP,,2
1322,Female,26,37.65,83,2015-11-01,discount requested,560001.0,1
1006,Unknown,57,60.30422651933701,58,2015-01-01,loyal customer,560001.0,3
1223,Female,44,60.30422651933701,90,2015-08-01,loyal customer,,3
1548,Female,23,29.38,22,2016-07-01,No notes,110011.0,0
1859,Male,32,57.11,82,2016-03-01,call back required,,1
1040,Male,42,59.15,28,2015-02-01,discount requested,,0
1543,Male,46,92.61,35,2016-06-01,call back required,110011.0,3
1243,Female,29,71.6,41,2015-08-01,No notes,,2
1137,Male,34,69.74,14,2016-03-01,discount requested,,2
2227,Other,16,69.24,300,2018-05-01,call back required,,1
2264,Other,16,49.93,48,2018-06-01,discount requested,400001.0,1
2274,Male,52,22.8,36,2018-06-01,call back required,110011.0,0
2054,Other,26,95.36,52,2017-11-01,No notes,110011.0,2
2102,Male,30,63.2,91,2018-01-01,call back required,,1
1799,Male,28,82.55,58,2017-03-01,No notes,400001.0,2
2477,Other,21,28.22,48,2019-01-01,loyal customer,560001.0,1
1582,Male,31,81.99,63,2016-08-01,No notes,110011.0,2
2250,Female,49,81.21,85,2018-06-01,VIP,,3
2435,Female,27,63.26,48,2018-12-01,No notes,,2
1377,Female,34,79.58,12,2016-01-01,No notes,,2
1315,Male,45,74.03,42,2015-11-01,loyal customer,,3
1443,Male,40,47.64,95,2016-03-01,call back required,400001.0,1
1320,Female,36,73.95,33,2015-11-01,call back required,,2
2062,Female,24,66.83,93,2016-03-01,VIP,,1
1843,Male,40,76.98,65,2017-04-01,call back required,400001.0,3
2169,Male,44,36.96,62,2016-03-01,No notes,400001.0,0
1425,Unknown,35,82.38,77,2016-02-01,call back required,560001.0,3
1554,Female,39,70.57,53,2016-07-01,No notes,,3
1595,Female,36,93.03,69,2016-08-01,loyal customer,,3
1953,Female,36,24.77,98,2017-08-01,discount requested,560001.0,1
2090,Male,29,18.71,15,2017-12-01,No notes,,0
1818,Male,36,93.2,29,2016-03-01,discount requested,,2
2259,Unknown,23,49.6,6,2018-06-01,No notes,,2
2363,Male,38,95.63,11,2018-09-01,VIP,,2
1228,Female,31,62.88,2,2015-08-01,VIP,110011.0,2
1756,Female,49,47.84,29,2017-01-01,loyal customer,,0
2318,Unknown,31,60.13,68,2018-08-01,No notes,400001.0,1
2032,Unknown,32,60.32,11,2017-10-01,No notes,560001.0,2
2344,Male,42,115.01,66,2018-09-01,discount requested,,3
1067,Female,32,57.99,71,2015-03-01,VIP,400001.0,1
1394,Unknown,28,72.13,2,2016-01-01,No notes,110011.0,2
1580,Male,57,36.8,15,2016-08-01,discount requested,,0
1025,Female,43,71.82,3,2015-01-01,No notes,,2
1212,Other,18,79.2,69,2015-07-01,No notes,110011.0,2
2198,Male,21,56.57,51,2018-04-01,loyal customer,,1
2147,Other,25,28.16,90,2018-02-01,discount requested,400001.0,1
1537,Unknown,36,39.19,13,2016-06-01,No notes,,0
1760,Other,31,41.44,50,2017-01-01,call back required,,0
1702,Unknown,31,49.91,36,2016-12-01,No notes,,0
1086,Male,29,66.2,77,2015-03-01,VIP,400001.0,1
2396,Female,36,14.21,300,2018-10-01,No notes,110011.0,1
1273,Unknown,28,69.47,60,2015-09-01,No notes,400001.0,2
1889,Female,51,63.81,53,2017-06-01,No notes,,3
1701,Male,36,37.09,14,2016-12-01,VIP,110011.0,0
1424,Male,44,48.39,12,2016-02-01,No notes,560001.0,0
1631,Male,20,68.77,61,2016-09-01,loyal customer,560001.0,2
2064,Female,49,25.26,56,2017-11-01,VIP,400001.0,0
2446,Male,21,39.32,200,2018-12-01,discount requested,,1
1506,Male,55,96.39,92,2016-05-01,No notes,560001.0,3
1766,Male,46,72.14,11,2017-02-01,loyal customer,,3
1363,Male,22,81.09,41,2015-12-01,VIP,,2
1623,Other,36,72.75,82,2016-09-01,VIP,400001.0,3
1003,Female,38,78.28,54,2015-01-01,loyal customer,110011.0,3
1007,Female,36,26.08,70,2015-01-01,VIP,400001.0,0
1312,Other,46,49.98,62,2015-11-01,loyal customer,560001.0,3
2471,Female,31,52.23,25,2019-01-01,call back required,560001.0,0
1666,Female,24,66.31,41,2016-10-01,call back required,110011.0,2
1999,Unknown,18,89.7,37,2017-09-01,loyal customer,560001.0,2
2453,Unknown,43,38.88,98,2016-03-01,No notes,,1
1216,Female,22,64.41,32,2015-08-01,loyal customer,,2
1725,Male,33,67.88,99,2016-12-01,No notes,,1
1028,Male,53,75.37,75,2016-03-01,call back required,,3
2114,Other,30,58.89,47,2018-01-01,loyal customer,110011.0,2
1923,Male,42,45.71,27,2017-07-01,call back required,400001.0,0
2041,Female,30,46.0,36,2017-11-01,No notes,,0
1639,Male,28,63.88,84,2016-09-01,VIP,,1
1797,Female,49,36.87,35,2017-03-01,No notes,,0
1692,Female,47,57.68,71,2016-11-01,No notes,110011.0,3
2304,Female,51,83.06,12,2018-07-01,VIP,400001.0,3
1625,Female,36,63.38,62,2016-09-01,call back required,400001.0,3
1905,Male,52,38.47,61,2017-06-01,discount requested,,0
1257,Other,34,73.53,43,2016-03-01,call back required,400001.0,2
1026,Female,48,99.83,46,2015-01-01,No notes,400001.0,3
1337,Female,34,58.52,22,2015-12-01,discount requested,,2
1573,Male,25,46.61,44,2016-07-01,VIP,560001.0,1
1048,Other,29,72.59,16,2015-02-01,call back required,400001.0,2
1107,Female,22,38.85,68,2015-04-01,loyal customer,,1
1350,Other,38,58.9,33,2015-12-01,No notes,,0
1056,Female,30,70.35,43,2015-02-01,call back required,,2
1862,Male,42,61.54,92,2017-05-01,call back required,560001.0,3
1214,Other,37,56.38,45,2015-08-01,No notes,,0
1121,Unknown,44,43.11,47,2015-05-01,No notes,,0
1926,Male,34,64.51,68,2017-07-01,No notes,110011.0,1
2427,Other,16,49.1,77,2018-11-01,call back required,,1
1073,Male,53,62.15,49,2015-03-01,loyal customer,400001.0,3
1941,Female,24,35.52,76,2017-07-01,VIP,110011.0,1
1788,Unknown,33,37.53,50,2017-02-01,No notes,560001.0,0
1046,Female,48,99.63,54,2015-02-01,loyal customer,560001.0,3
2374,Male,47,33.07,91,2016-03-01,loyal customer,560001.0,0
1524,Other,6,65.13,38,2016-06-01,loyal customer,110011.0,2
1925,Male,26,49.33,63,2017-07-01,call back required,,1
1840,Female,37,40.26,75,2017-04-01,No notes,560001.0,0
2448,Unknown,36,87.57,87,2018-12-01,discount requested,400001.0,3
1845,Female,31,33.73,44,2017-04-01,loyal customer,,0
1534,Male,37,60.30422651933701,1,2016-06-01,No notes,,0
2174,Other,41,83.9,89,2018-03-01,VIP,400001.0,3
1604,Female,48,60.30422651933701,200,2016-08-01,No notes,560001.0,1
1466,Other,34,81.47,67,2016-04-01,call back required,560001.0,2
1894,Female,28,69.55,28,2017-06-01,loyal customer,110011.0,2
2321,Unknown,40,57.78,66,2018-08-01,discount requested,560001.0,3
2424,Other,33,60.30422651933701,33,2018-11-01,loyal customer,,2
2008,Female,41,38.9,47,2017-10-01,No notes,,0
1061,Male,22,63.31,75,2015-03-01,No notes,110011.0,1
1943,Unknown,47,68.19,6,2017-07-01,discount requested,,3
1093,Male,47,76.46,36,2015-04-01,call back required,560001.0,3
1667,Female,28,69.87,6,2016-10-01,VIP,560001.0,2
1775,Male,40,62.63,75,2017-02-01,loyal customer,560001.0,3
1195,Other,41,60.30422651933701,82,2015-07-01,No notes,110011.0,3
1281,Female,29,33.06,98,2015-10-01,VIP,,1
1696,Female,31,80.72,59,2016-11-01,call back required,110011.0,2
1360,Male,42,52.22,88,2015-12-01,call back required,400001.0,3
1520,Male,15,99.8,85,2016-06-01,call back required,110011.0,2
1866,Male,22,68.22,72,2017-05-01,VIP,,1
2244,Other,35,49.57,47,2018-05-01,call back required,,0
1183,Female,29,79.9,4,2015-07-01,call back required,400001.0,2
2059,Female,25,70.55,80,2017-11-01,No notes,400001.0,1
1111,Unknown,42,66.12,82,2015-04-01,call back required,400001.0,3
2389,Other,33,56.59,6,2018-10-01,discount requested,560001.0,2
1043,Male,27,102.53,16,2015-02-01,loyal customer,110011.0,2
1747,Male,35,62.71,50,2017-01-01,No notes,400001.0,2
1975,Female,26,52.07,71,2017-09-01,discount requested,110011.0,1
1205,Female,38,15.19,92,2015-07-01,No notes,,0
1875,Male,37,60.30422651933701,72,2017-05-01,No notes,560001.0,3
1546,Unknown,23,74.54,5,2016-06-01,call back required,,2
1069,Female,8,80.71,39,2015-03-01,No notes,,2
2069,Female,33,60.30422651933701,12,2017-12-01,loyal customer,400001.0,2
2218,Male,27,75.13,3,2018-05-01,call back required,,2
1819,Female,21,16.12,81,2017-03-01,discount requested,400001.0,1
1184,Male,36,56.75,82,2016-03-01,No notes,,1
1138,Male,46,73.15,59,2015-05-01,VIP,,3
1133,Male,37,84.89,200,2015-05-01,VIP,560001.0,1
1081,Other,36,66.03,4,2015-03-01,call back required,,2
2254,Male,37,41.3,82,2018-06-01,VIP,400001.0,1
1106,Male,39,70.58,36,2015-04-01,No notes,,3
2202,Male,28,20.97,50,2018-04-01,call back required,,0
1542,Male,45,70.87,57,2016-06-01,discount requested,560001.0,3
1910,Female,17,62.93,9,2017-06-01,No notes,110011.0,2
1481,Female,40,33.24,17,2016-04-01,VIP,560001.0,0
1166,Male,35,80.68,49,2016-03-01,discount requested,,2
1249,Male,50,55.9,96,2015-09-01,call back required,110011.0,3
1308,Male,53,40.45,40,2015-11-01,loyal customer,,0
1447,Male,52,59.16,74,2016-03-01,VIP,400001.0,3
2206,Female,42,29.94,31,2018-04-01,No notes,110011.0,0
1335,Female,37,81.19,26,2015-12-01,call back required,,2
1098,Female,27,75.19,83,2015-04-01,discount requested,560001.0,1
1807,Unknown,42,26.53,6,2017-03-01,call back required,,0
1738,Female,21,97.46,37,2016-03-01,discount requested,,2
1949,Female,53,58.72,2,2017-08-01,No notes,400001.0,0
2034,Female,19,45.69,10,2016-03-01,No notes,560001.0,2
2171,Unknown,36,62.46,82,2018-03-01,discount requested,560001.0,1
1103,Male,42,58.16,88,2015-04-01,VIP,110011.0,3
1435,Female,55,65.17,100,2016-03-01,No notes,110011.0,3
1075,Female,32,33.85,33,2015-03-01,No notes,,0
2387,Male,40,87.32,4,2018-10-01,loyal customer,,2
1933,Male,23,60.30422651933701,83,2017-07-01,call back required,560001.0,1
2406,Unknown,43,60.30422651933701,84,2018-11-01,VIP,,3
1303,Male,60,98.97,79,2015-10-01,call back required,110011.0,3
2306,Other,29,30.54,71,2018-07-01,No notes,,1
2401,Male,27,46.65,81,2018-11-01,discount requested,,1
1763,Female,36,74.84,99,2017-02-01,VIP,400001.0,3
1734,Unknown,43,83.46,12,2017-01-01,call back required,110011.0,2
1389,Male,28,77.15,10,2016-01-01,VIP,,2
1236,Female,36,96.85,44,2015-08-01,call back required,,2
2288,Female,18,60.24,11,2018-07-01,No notes,,2
1268,Unknown,39,59.19,57,2015-09-01,loyal customer,400001.0,3
1306,Female,45,110.48,87,2015-11-01,call back required,110011.0,3
1839,Female,35,75.95,300,2017-04-01,No notes,560001.0,1
2253,Unknown,42,14.71,67,2018-06-01,VIP,,0
1674,Female,43,44.58,92,2016-11-01,No notes,400001.0,3
1250,Male,29,50.59,82,2015-09-01,loyal customer,560001.0,1
2439,Unknown,32,76.72,28,2018-12-01,VIP,110011.0,2
2111,Male,37,57.24,43,2018-01-01,call back required,560001.0,0
1072,Male,41,57.04,7,2015-03-01,discount requested,400001.0,0
1095,Female,31,49.89,89,2016-03-01,loyal customer,400001.0,1
2238,Unknown,26,30.98,87,2018-05-01,discount requested,,1
1034,Male,34,52.05,77,2015-02-01,loyal customer,400001.0,1
1800,Male,45,63.57,18,2017-03-01,No notes,560001.0,3
2135,Male,13,105.88,93,2018-02-01,No notes,,2
1449,Other,35,57.96,64,2016-03-01,No notes,,1
1446,Male,56,87.69,80,2016-03-01,discount requested,560001.0,3
1772,Female,32,60.30422651933701,78,2017-02-01,loyal customer,400001.0,1
1717,Male,35,45.72,72,2016-03-01,discount requested,,1
1944,Female,40,63.37,40,2017-08-01,call back required,560001.0,3
2447,Unknown,4,42.21,57,2016-03-01,No notes,560001.0,1
2247,Female,36,40.44,17,2016-03-01,No notes,,0
2066,Male,39,58.22,58,2017-12-01,VIP,400001.0,3
1078,Female,35,28.86,2,2015-03-01,No notes,,0
1085,Other,34,44.77,28,2015-03-01,loyal customer,560001.0,0
1889,Female,51,63.81,53,2017-06-01,No notes,,3
1083,Female,29,12.49,36,2015-03-01,VIP,400001.0,0
1458,Unknown,50,66.4,26,2016-04-01,discount requested,,3
1979,Unknown,44,28.65,84,2017-09-01,loyal customer,,0
1677,Female,47,70.87,38,2016-11-01,call back required,560001.0,3
2490,Male,33,73.49,39,2016-03-01,loyal customer,400001.0,2
2109,Female,30,65.67,13,2018-01-01,loyal customer,,2
1437,Unknown,52,60.30422651933701,58,2016-03-01,call back required,400001.0,3
1771,Female,21,55.67,39,2017-02-01,discount requested,,2
1645,Unknown,41,32.24,85,2016-10-01,call back required,,0
2161,Unknown,44,58.33,18,2018-03-01,discount requested,560001.0,0
1966,Male,30,46.74,69,2017-08-01,loyal customer,,1
2234,Male,36,67.0,59,2018-05-01,call back required,,3
2156,Male,31,70.87,42,2018-03-01,loyal customer,110011.0,2
1405,Unknown,25,49.8,48,2016-02-01,call back required,400001.0,1
2347,Male,55,7.02,58,2018-09-01,VIP,,0
1994,Female,22,66.04,200,2017-09-01,No notes,110011.0,1
2233,Female,30,61.92,62,2018-05-01,call back required,110011.0,1
1105,Male,29,68.15,100,2015-04-01,loyal customer,400001.0,1
1610,Unknown,32,52.9,17,2016-09-01,No notes,400001.0,0
1917,Male,50,62.66,78,2017-07-01,VIP,,3
1689,Other,33,38.62,26,2016-11-01,call back required,,0
2232,Unknown,43,77.42,59,2018-05-01,No notes,560001.0,3
1827,Male,44,87.8,81,2016-03-01,No notes,,3
2182,Unknown,48,79.55,92,2018-03-01,No notes,560001.0,3
2160,Female,24,55.72,89,2018-03-01,VIP,110011.0,1
1063,Female,31,68.99,98,2015-03-01,VIP,,1
1282,Female,41,67.49,90,2015-10-01,VIP,,3
1853,Female,38,74.54,11,2016-03-01,call back required,560001.0,2
1779,Unknown,29,90.69,10,2017-02-01,VIP,,2
2047,Male,53,39.85,1,2017-11-01,No notes,,0
1239,Male,37,56.38,87,2015-08-01,discount requested,400001.0,1
1224,Female,29,17.13,57,2015-08-01,discount requested,,0
1146,Other,42,44.77,41,2015-05-01,loyal customer,400001.0,0
2445,Male,48,64.11,49,2018-12-01,VIP,110011.0,3
1374,Unknown,38,33.72,6,2016-01-01,VIP,400001.0,0
2270,Male,26,54.77,71,2018-06-01,VIP,560001.0,1
1119,Unknown,38,87.75,100,2015-04-01,discount requested,560001.0,3
2164,Female,33,53.71,6,2018-03-01,discount requested,,0
1251,Female,30,60.54,77,2015-09-01,discount requested,,1
2493,Other,44,52.17,36,2019-02-01,call back required,,0
2250,Female,49,81.21,85,2018-06-01,VIP,,3
1951,Male,30,64.16,97,2017-08-01,discount requested,560001.0,1
1010,Male,26,53.28,58,2016-03-01,VIP,560001.0,1
1450,Female,36,74.49,32,2016-03-01,loyal customer,,2
1709,Unknown,16,102.12,32,2016-12-01,discount requested,,2
1256,Male,27,51.31,56,2015-09-01,No notes,110011.0,1
1594,Female,37,68.17,300,2016-08-01,No notes,,1
1390,Male,53,42.67,55,2016-01-01,No notes,,0
2432,Female,44,38.74,63,2018-12-01,loyal customer,,0
2413,Female,43,60.30422651933701,19,2018-11-01,VIP,110011.0,0
2331,Female,23,63.14,8,2018-08-01,VIP,,2
1963,Female,34,42.46,33,2017-08-01,VIP,,0
1461,Male,37,54.75,78,2016-03-01,discount requested,560001.0,1
1724,Male,44,60.77,92,2016-12-01,call back required,,3
2428,Male,37,60.30422651933701,27,2018-11-01,VIP,560001.0,0
1145,Unknown,21,23.51,2,2015-05-01,VIP,110011.0,0
1502,Female,43,81.04,39,2016-03-01,No notes,400001.0,3
2133,Female,46,83.89,23,2018-02-01,discount requested,,3
1740,Female,31,78.65,29,2017-01-01,call back required,,2
2431,Male,41,56.58,67,2018-12-01,VIP,,3
1869,Other,29,66.39,100,2017-05-01,No notes,400001.0,1
1732,Male,39,64.59,87,2017-01-01,discount requested,,3
1178,Male,61,77.16,6,2015-06-01,No notes,,3
2495,Female,35,52.14,31,2019-02-01,call back required,400001.0,0
1698,Male,36,63.78,29,2016-11-01,loyal customer,400001.0,2
2001,Female,27,13.24,92,2016-03-01,discount requested,400001.0,1
2080,Male,48,37.43,24,2017-12-01,No notes,,0
1932,Female,49,35.18,10,2017-07-01,No notes,,0
2119,Female,24,36.7,62,2018-01-01,call back required,,1
1008,Female,37,53.43,53,2016-03-01,discount requested,,0
1919,Female,55,53.96,19,2017-07-01,VIP,560001.0,0
1668,Female,22,23.09,88,2016-10-01,discount requested,,1
2199,Male,28,82.49,78,2018-04-01,No notes,,2
1358,Unknown,29,48.28,50,2015-12-01,discount requested,560001.0,1
1784,Female,40,50.93,86,2017-02-01,loyal customer,560001.0,3
1736,Male,40,56.07,31,2017-01-01,No notes,400001.0,0
1330,Unknown,42,71.65,72,2015-11-01,VIP,,3
2086,Male,28,45.95,93,2016-03-01,No notes,400001.0,1
2273,Male,28,65.45,49,2018-06-01,VIP,,2
2346,Male,37,53.55,68,2018-09-01,No notes,,1
1259,Unknown,50,80.18,34,2015-09-01,call back required,560001.0,3
1937,Female,34,91.0,82,2017-07-01,No notes,110011.0,3
2215,Male,33,58.52,7,2018-04-01,VIP,,2
1373,Male,32,67.93,22,2016-01-01,No notes,,2
2139,Female,38,67.71,80,2018-02-01,discount requested,560001.0,3
1986,Male,43,79.81,98,2017-09-01,call back required,560001.0,3
1143,Female,38,69.84,51,2015-05-01,discount requested,,3
1526,Other,33,26.0,25,2016-06-01,No notes,,0
2175,Male,28,49.19,96,2016-03-01,call back required,,1
1233,Female,33,61.08,25,2015-08-01,loyal customer,400001.0,2
2158,Male,18,38.96,12,2018-03-01,VIP,560001.0,0
2470,Male,34,62.85,88,2019-01-01,call back required,560001.0,1
1441,Male,31,89.79,15,2016-03-01,No notes,560001.0,2
1532,Unknown,54,65.71,67,2016-06-01,No notes,400001.0,3
2243,Other,33,81.33,62,2018-05-01,VIP,110011.0,2
1229,Male,37,52.02,62,2015-08-01,VIP,,0
2323,Female,41,55.33,39,2016-03-01,call back required,110011.0,0
2341,Other,33,57.67,83,2018-09-01,discount requested,,1
1213,Female,39,35.88,31,2015-08-01,call back required,560001.0,0
1886,Female,26,55.03,62,2017-06-01,loyal customer,,1
1080,Female,34,82.46,32,2015-03-01,VIP,,2
1149,Male,35,77.58,16,2015-05-01,discount requested,400001.0,2
1815,Female,55,47.82,2,2017-03-01,VIP,,0
1964,Other,52,37.7,40,2017-08-01,No notes,,0
2371,Other,46,62.76,82,2018-10-01,call back required,400001.0,3
1672,Female,19,60.30422651933701,66,2016-11-01,loyal customer,,1
2194,Unknown,51,40.14,22,2016-03-01,discount requested,400001.0,0
1556,Unknown,39,59.44,31,2016-07-01,discount requested,560001.0,0
1968,Female,39,40.32,8,2017-08-01,discount requested,400001.0,0
1134,Female,34,21.68,49,2015-05-01,No notes,560001.0,0
1934,Male,33,81.81,30,2017-07-01,loyal customer,,2
2316,Female,33,43.65,75,2018-08-01,No notes,400001.0,1
1824,Other,40,50.32,14,2017-04-01,No notes,110011.0,0
1409,Female,50,52.66,82,2016-02-01,No notes,110011.0,3
1369,Male,19,60.05,29,2016-03-01,loyal customer,400001.0,2
1508,Male,39,115.0,31,2016-05-01,call back required,400001.0,2
2222,Male,35,81.79,44,2018-05-01,discount requested,400001.0,2
1505,Other,31,26.79,37,2016-03-01,VIP,400001.0,0
2376,Female,28,44.94,55,2018-10-01,VIP,400001.0,1
1348,Female,19,60.30422651933701,77,2015-12-01,VIP,560001.0,1
1387,Male,34,97.39,13,2016-01-01,discount requested,,2
1001,Other,20,73.18,52,2015-01-01,call back required,560001.0,2
2031,Other,38,57.59,67,2017-10-01,discount requested,,3
1361,Female,37,79.99,18,2015-12-01,call back required,110011.0,2
1895,Female,33,65.86,69,2017-06-01,No notes,,1
1829,Other,20,45.9,70,2017-04-01,VIP,560001.0,1
1476,Unknown,37,60.30422651933701,70,2016-04-01,No notes,110011.0,3
2324,Female,31,59.18,77,2018-08-01,call back required,560001.0,1
1058,Male,18,68.33,99,2015-02-01,loyal customer,,1
1638,Other,47,53.99,34,2016-03-01,call back required,,0
2350,Female,32,25.33,37,2018-09-01,loyal customer,400001.0,0
2084,Female,33,0.94,13,2017-12-01,loyal customer,,0
2014,Male,5,48.67,60,2016-03-01,loyal customer,400001.0,1
1173,Male,25,67.37,57,2015-06-01,VIP,560001.0,2
1451,Female,41,60.2,64,2016-03-01,No notes,110011.0,3
1126,Unknown,20,72.3,85,2015-05-01,discount requested,400001.0,1
1039,Male,36,45.86,24,2015-02-01,call back required,560001.0,0
1531,Male,28,80.68,41,2016-06-01,VIP,,2
1858,Male,37,38.74,28,2017-05-01,discount requested,110011.0,0
1714,Female,59,66.62,9,2016-12-01,discount requested,,3
1091,Unknown,8,29.81,30,2015-04-01,discount requested,400001.0,1
2499,Male,41,60.31,41,2019-02-01,No notes,110011.0,3
1182,Other,42,72.91,93,2015-07-01,VIP,400001.0,3
1876,Male,61,35.69,63,2017-05-01,call back required,400001.0,0
1865,Female,36,51.68,53,2016-03-01,No notes,400001.0,0
1787,Other,46,47.05,96,2017-02-01,discount requested,560001.0,3
1415,Male,32,91.9,94,2016-02-01,No notes,400001.0,3
1252,Male,32,62.04,69,2015-09-01,VIP,560001.0,1
1070,Female,34,44.29,3,2015-03-01,No notes,560001.0,0
1804,Male,30,91.29,43,2017-03-01,No notes,,2
1132,Female,51,51.55,95,2016-03-01,discount requested,560001.0,3
1301,Male,34,80.15,5,2015-10-01,call back required,560001.0,2
2056,Female,45,96.86,87,2016-03-01,call back required,,3
1327,Male,36,65.22,26,2015-11-01,No notes,,2
2383,Male,34,62.25,25,2018-10-01,loyal customer,,2
2179,Other,33,58.69,10,2018-03-01,call back required,110011.0,2
1500,Female,30,51.91,31,2016-05-01,No notes,110011.0,0
1342,Female,36,52.56,23,2015-12-01,VIP,560001.0,0
1833,Male,48,66.58,82,2017-04-01,discount requested,560001.0,3
1365,Other,41,125.21,92,2015-12-01,loyal customer,560001.0,3
1496,Other,22,57.4,99,2016-05-01,No notes,110011.0,1
2441,Male,41,53.71,93,2018-12-01,VIP,,3
1339,Female,41,55.07,13,2015-12-01,discount requested,110011.0,0
1422,Male,40,71.02,29,2016-02-01,discount requested,400001.0,3
1165,Male,28,57.82,9,2015-06-01,VIP,400001.0,2
1029,Unknown,27,85.24,88,2015-01-01,call back required,110011.0,1
1517,Unknown,42,50.23,5,2016-05-01,loyal customer,400001.0,0
1194,Other,29,43.52,45,2015-07-01,No notes,400001.0,0
2474,Male,26,74.99,72,2019-01-01,No notes,560001.0,2
2408,Female,40,56.32,92,2018-11-01,loyal customer,110011.0,3
1946,Other,25,54.15,94,2017-08-01,call back required,,1
2407,Male,44,39.19,29,2018-11-01,loyal customer,110011.0,0
1170,Female,27,86.21,18,2015-06-01,discount requested,400001.0,2
1168,Other,27,84.27,100,2015-06-01,No notes,400001.0,1
1653,Other,29,64.96,7,2016-10-01,loyal customer,,2
1174,Female,21,60.30422651933701,29,2015-06-01,loyal customer,560001.0,2
1519,Unknown,35,60.30422651933701,45,2016-03-01,VIP,,2
2377,Female,29,53.53,93,2018-10-01,loyal customer,,1
2221,Male,45,93.8,34,2018-05-01,call back required,,3
1913,Female,29,36.31,41,2017-07-01,VIP,,0
1492,Female,38,89.8,9,2016-05-01,No notes,400001.0,2
1954,Female,17,66.0,55,2017-08-01,No notes,560001.0,2
1074,Male,46,68.24,26,2015-03-01,call back required,,3
2296,Male,42,83.56,57,2018-07-01,VIP,,3
1588,Male,59,29.45,24,2016-08-01,discount requested,110011.0,0
1751,Unknown,22,73.4,90,2017-01-01,call back required,,1
1658,Male,51,39.57,12,2016-10-01,discount requested,560001.0,0
1733,Male,34,59.39,19,2017-01-01,No notes,,2
2223,Male,54,37.93,30,2018-05-01,VIP,110011.0,0
2269,Female,47,44.61,10,2018-06-01,loyal customer,,0
1935,Unknown,27,45.59,22,2017-07-01,call back required,110011.0,0
1109,Female,32,89.72,52,2015-04-01,No notes,,2
1569,Other,24,61.36,46,2016-07-01,loyal customer,,2
1891,Other,23,77.74,82,2017-06-01,discount requested,,1
1948,Unknown,45,57.17,73,2017-08-01,No notes,110011.0,3
2365,Unknown,37,52.97,65,2018-09-01,call back required,,0
1885,Unknown,32,45.37,39,2017-06-01,VIP,560001.0,0
2308,Unknown,37,27.99,31,2018-07-01,call back required,110011.0,0
1851,Other,32,60.30422651933701,85,2017-04-01,call back required,,1
1735,Male,48,76.94,15,2017-01-01,loyal customer,,3
1718,Female,34,93.8,20,2016-12-01,VIP,400001.0,2
1455,Female,38,81.85,66,2016-03-01,VIP,,3
1265,Male,23,84.75,13,2015-09-01,loyal customer,,2
1076,Male,23,63.83,48,2015-03-01,call back required,400001.0,2
1445,Female,34,104.73,43,2016-03-01,discount requested,560001.0,2
1396,Female,28,88.98,13,2016-01-01,discount requested,,2
1177,Male,25,108.45,15,2016-03-01,VIP,110011.0,2
2043,Other,36,52.58,53,2017-11-01,VIP,,0
2354,Female,39,74.9,71,2018-09-01,loyal customer,110011.0,3
2440,Male,14,56.54,44,2018-12-01,VIP,400001.0,2
2235,Male,51,64.06,49,2018-05-01,No notes,,3
1596,Female,34,97.48,60,2016-08-01,call back required,110011.0,2
1062,Other,22,52.34,82,2015-03-01,discount requested,560001.0,1
1873,Male,38,83.04,98,2017-05-01,call back required,110011.0,3
2157,Male,42,56.74,48,2018-03-01,call back required,,3
2453,Unknown,43,38.88,98,2016-03-01,No notes,,1
1279,Male,26,33.25,66,2015-10-01,call back required,560001.0,1
1037,Female,59,63.0,74,2015-02-01,VIP,,3
1663,Female,31,19.7,100,2016-10-01,discount requested,400001.0,1
2398,Other,31,101.55,14,2018-10-01,No notes,560001.0,2
2121,Male,40,67.4,37,2018-01-01,call back required,400001.0,3
1978,Unknown,38,91.58,54,2017-09-01,call back required,110011.0,3
1739,Female,24,19.12,79,2017-01-01,loyal customer,400001.0,1
1192,Male,53,41.53,62,2015-07-01,VIP,,0
1920,Unknown,47,60.30422651933701,39,2017-07-01,loyal customer,,3
1457,Female,30,80.55,31,2016-04-01,VIP,110011.0,2
1676,Female,38,60.41,61,2016-11-01,loyal customer,560001.0,3
1761,Female,31,62.84,14,2017-01-01,call back required,560001.0,2
2399,Female,46,80.72,56,2018-10-01,discount requested,,3
1729,Female,35,46.61,49,2016-03-01,No notes,110011.0,0
1413,Female,37,55.56,67,2016-02-01,No notes,400001.0,3
1826,Female,42,71.58,30,2017-04-01,discount requested,,3
1617,Male,19,75.01,20,2016-09-01,VIP,,2
1115,Other,24,60.30422651933701,18,2015-04-01,No notes,560001.0,2
1418,Male,32,82.41,1,2016-02-01,VIP,,2
2475,Unknown,28,72.19,51,2019-01-01,call back required,400001.0,2
1970,Male,38,48.0,42,2017-08-01,discount requested,560001.0,0
1605,Other,44,57.58,79,2016-08-01,No notes,,3
2481,Male,37,39.41,60,2019-01-01,call back required,560001.0,0
1090,Male,50,57.75,35,2016-03-01,discount requested,560001.0,3
1849,Other,55,56.09,71,2017-04-01,discount requested,560001.0,3
2183,Unknown,51,54.78,70,2016-03-01,No notes,,3
2480,Unknown,43,75.7,65,2019-01-01,VIP,400001.0,3
1754,Male,47,62.61,66,2017-01-01,No notes,400001.0,3
1499,Male,19,82.2,88,2016-05-01,No notes,,1
1012,Other,26,81.96,87,2015-01-01,discount requested,110011.0,1
1397,Unknown,30,41.99,98,2016-02-01,loyal customer,110011.0,1
1285,Male,50,67.81,100,2015-10-01,No notes,,3
2067,Female,24,66.28,200,2017-12-01,VIP,,1
1691,Male,27,90.24,54,2016-11-01,loyal customer,560001.0,2
2272,Female,39,49.72,1,2018-06-01,call back required,,0
2450,Female,47,48.97,64,2018-12-01,call back required,,3
1690,Male,25,67.29,14,2016-11-01,loyal customer,,2
1852,Male,32,71.51,34,2016-03-01,VIP,,2
1160,Female,44,27.5,74,2015-06-01,No notes,110011.0,0
1896,Female,35,67.55,67,2017-06-01,VIP,560001.0,3
2230,Male,40,64.42,45,2018-05-01,VIP,,3
1258,Female,37,57.25,89,2015-09-01,VIP,,1
1336,Unknown,50,70.25,5,2015-12-01,discount requested,560001.0,3
2454,Male,25,60.30422651933701,74,2018-12-01,call back required,,1
2040,Male,27,53.82,62,2016-03-01,VIP,,1
1516,Male,35,27.8,58,2016-05-01,No notes,,0
2016,Female,44,60.30422651933701,77,2017-10-01,loyal customer,,3
1769,Female,9,56.53,67,2017-02-01,VIP,,1
2360,Other,39,35.9,18,2018-09-01,discount requested,,0
1762,Male,36,71.49,74,2017-01-01,No notes,,3
2138,Male,34,85.15,17,2018-02-01,No notes,,2
1522,Other,38,68.24,20,2016-06-01,loyal customer,560001.0,2
1023,Male,42,60.30422651933701,1,2015-01-01,loyal customer,110011.0,0
1357,Male,39,71.95,46,2015-12-01,VIP,110011.0,3
2315,Female,30,47.19,57,2018-08-01,call back required,110011.0,1
1341,Male,30,31.86,33,2015-12-01,call back required,,0
1432,Female,29,60.30422651933701,24,2016-03-01,No notes,560001.0,2
1474,Female,38,122.44,21,2016-04-01,discount requested,,2
1218,Female,45,58.64,67,2015-08-01,call back required,400001.0,3
1912,Female,47,63.79,82,2017-06-01,discount requested,110011.0,3
2246,Unknown,28,58.73,100,2018-05-01,VIP,400001.0,1
2012,Female,35,82.21,9,2017-10-01,call back required,,2
2064,Female,49,25.26,56,2017-11-01,VIP,400001.0,0
1094,Female,14,58.39,55,2015-04-01,No notes,,1
2009,Female,36,87.81,52,2017-10-01,discount requested,110011.0,2
2071,Female,46,34.12,55,2017-12-01,No notes,110011.0,0
2093,Unknown,32,104.52,33,2017-12-01,VIP,,2
1697,Other,47,59.18,95,2016-11-01,discount requested,400001.0,3
2388,Female,35,74.9,36,2018-10-01,No notes,,2
1997,Male,39,89.76,8,2017-09-01,VIP,,2
1154,Male,25,70.78,14,2015-06-01,VIP,,2
2100,Male,50,43.12,96,2018-01-01,loyal customer,110011.0,3
2343,Other,15,60.30422651933701,29,2018-09-01,call back required,110011.0,2
1310,Female,31,88.61,26,2015-11-01,loyal customer,110011.0,2
1790,Other,25,56.15,13,2017-02-01,No notes,400001.0,2
1581,Female,44,54.08,36,2016-08-01,discount requested,110011.0,0
1704,Unknown,33,19.21,24,2016-03-01,call back required,400001.0,0
2302,Female,26,50.22,80,2018-07-01,No notes,400001.0,1
1560,Female,22,69.1,72,2016-07-01,loyal customer,,1
2120,Female,28,72.18,39,2018-01-01,No notes,400001.0,2
1802,Female,53,38.85,72,2017-03-01,loyal customer,110011.0,0
1513,Other,34,91.56,99,2016-05-01,No notes,560001.0,3
1634,Male,28,79.38,19,2016-09-01,discount requested,400001.0,2
2146,Female,41,57.36,100,2018-02-01,loyal customer,,3
2384,Female,37,60.30422651933701,2,2018-10-01,call back required,560001.0,0
1791,Female,30,64.5,69,2017-03-01,No notes,560001.0,1
1117,Male,40,50.2,66,2015-04-01,VIP,400001.0,0
1741,Other,28,46.14,26,2017-01-01,VIP,400001.0,0
2082,Female,46,101.63,17,2017-12-01,VIP,,3
1831,Female,31,77.0,6,2017-04-01,No notes,,2
1120,Female,22,61.32,44,2015-04-01,call back required,,2
1657,Other,26,73.77,40,2016-03-01,discount requested,,2
2472,Male,36,67.99,79,2019-01-01,loyal customer,560001.0,3
1636,Male,43,80.82,70,2016-09-01,call back required,,3
1370,Other,28,5.96,58,2016-01-01,VIP,560001.0,0
1269,Other,37,74.02,24,2015-09-01,loyal customer,560001.0,2
1656,Female,60,53.64,16,2016-10-01,loyal customer,110011.0,3
1936,Male,16,44.75,3,2017-07-01,No notes,400001.0,2
1823,Female,24,98.85,28,2017-04-01,call back required,560001.0,2
1867,Female,38,39.4,4,2017-05-01,call back required,,0
1047,Unknown,50,46.58,79,2015-02-01,loyal customer,110011.0,3
2334,Unknown,57,31.15,41,2018-08-01,No notes,400001.0,0
1992,Female,29,46.7,39,2016-03-01,call back required,400001.0,0
1877,Male,40,60.86,47,2017-05-01,discount requested,,3
1774,Female,16,75.01,28,2017-02-01,loyal customer,,2
1999,Unknown,18,89.7,37,2017-09-01,loyal customer,560001.0,2
1005,Male,41,88.24,6,2015-01-01,call back required,,2
2004,Male,46,47.52,96,2017-09-01,call back required,400001.0,3
2345,Other,24,49.7,19,2018-09-01,call back required,400001.0,2
1264,Male,41,55.33,67,2015-09-01,call back required,400001.0,3
2224,Other,34,62.71,17,2018-05-01,discount requested,,2
2416,Female,42,60.30422651933701,79,2018-11-01,loyal customer,560001.0,3
1444,Unknown,29,38.76,42,2016-03-01,VIP,,0
2003,Male,37,40.73,34,2017-09-01,loyal customer,560001.0,0
2078,Male,32,67.24,36,2017-12-01,loyal customer,,2
1838,Female,44,51.39,47,2017-04-01,discount requested,560001.0,0
2386,Female,41,95.17,5,2018-10-01,No notes,,2
1305,Male,30,75.56,83,2015-11-01,No notes,560001.0,1
2214,Female,36,59.1,56,2018-04-01,loyal customer,,3
1314,Other,40,56.74,50,2015-11-01,loyal customer,560001.0,0
1150,Unknown,38,56.96,4,2015-05-01,discount requested,110011.0,0
2149,Male,29,67.48,44,2016-03-01,VIP,560001.0,2
1575,Other,28,74.88,87,2016-07-01,loyal customer,110011.0,1
1051,Other,35,37.26,11,2015-02-01,loyal customer,560001.0,0
2211,Male,38,73.45,62,2018-04-01,loyal customer,,3
1727,Male,40,61.91,11,2016-12-01,discount requested,,0
1834,Female,40,60.56,88,2017-04-01,VIP,,3
2116,Other,21,60.30422651933701,38,2018-01-01,VIP,560001.0,2
2167,Female,25,72.73,98,2018-03-01,discount requested,110011.0,1
1471,Female,49,52.25,87,2016-04-01,discount requested,400001.0,3
1972,Other,47,60.30422651933701,9,2016-03-01,discount requested,560001.0,0
1654,Female,21,63.87,16,2016-10-01,VIP,,2
1400,Male,10,54.27,34,2016-02-01,VIP,110011.0,2
1512,Male,33,41.64,27,2016-05-01,loyal customer,,0
1321,Unknown,47,72.93,83,2015-11-01,call back required,400001.0,3
1020,Male,25,43.53,65,2016-03-01,discount requested,,1
1685,Male,40,50.22,45,2016-03-01,No notes,,0
1036,Female,23,71.33,24,2015-02-01,discount requested,110011.0,2
1903,Female,42,60.30422651933701,7,2017-06-01,loyal customer,,0
1828,Male,27,53.92,32,2017-04-01,loyal customer,,2
2486,Other,33,85.2,38,2019-01-01,call back required,560001.0,2
1408,Unknown,23,59.25,67,2016-02-01,discount requested,400001.0,1
1921,Female,45,89.89,79,2017-07-01,loyal customer,560001.0,3
1538,Other,38,64.81,19,2016-06-01,discount requested,110011.0,2
1759,Male,28,47.27,55,2017-01-01,No notes,,1
2063,Other,35,39.11,75,2016-03-01,call back required,,1
2200,Female,34,74.61,39,2016-03-01,loyal customer,560001.0,2
1246,Female,31,80.3,31,2015-09-01,loyal customer,,2
2128,Male,32,60.30422651933701,81,2018-02-01,No notes,,1
1785,Male,36,72.98,21,2017-02-01,VIP,400001.0,2
1490,Female,46,58.13,30,2016-05-01,discount requested,,0
1155,Female,39,62.25,12,2015-06-01,VIP,,0
1962,Male,6,65.62,1,2017-08-01,call back required,400001.0,2
1854,Male,43,68.87,86,2017-05-01,VIP,,3
1626,Male,40,51.99,33,2016-09-01,call back required,110011.0,0
1686,Female,25,54.43,98,2016-11-01,VIP,560001.0,1
1570,Other,20,31.38,96,2016-07-01,loyal customer,560001.0,1
2473,Male,43,78.32,90,2019-01-01,No notes,,3
1018,Unknown,29,45.5,24,2015-01-01,VIP,400001.0,0
1128,Male,41,100.01,80,2015-05-01,call back required,,3
2191,Male,36,76.86,80,2018-04-01,call back required,560001.0,3
1928,Female,30,31.37,28,2017-07-01,discount requested,,0
1981,Female,49,25.56,67,2016-03-01,loyal customer,400001.0,0
1434,Unknown,36,44.2,22,2016-03-01,call back required,,0
1191,Other,28,42.92,3,2015-07-01,call back required,560001.0,0
2140,Male,36,60.30422651933701,19,2016-03-01,No notes,,2
1993,Male,42,65.42,35,2017-09-01,VIP,,3
2433,Female,18,71.79,94,2018-12-01,loyal customer,,1
2294,Male,32,47.77,100,2018-07-01,VIP,,1
1607,Other,25,60.30422651933701,33,2016-08-01,loyal customer,560001.0,2
1181,Female,26,42.67,79,2015-06-01,discount requested,400001.0,1
1302,Male,46,19.88,75,2015-10-01,loyal customer,110011.0,0
1497,Male,44,71.63,91,2016-05-01,call back required,,3
2335,Female,41,60.30422651933701,75,2018-08-01,discount requested,,3
2299,Female,29,57.16,83,2018-07-01,discount requested,110011.0,1
2279,Female,48,63.14,25,2018-07-01,VIP,,3
1518,Female,34,46.21,52,2016-03-01,discount requested,,0
2070,Female,44,48.42,7,2017-12-01,VIP,,0
1477,Male,29,53.48,44,2016-04-01,loyal customer,,2
1158,Male,39,44.15,81,2015-06-01,loyal customer,,1
2196,Female,36,47.51,8,2018-04-01,VIP,560001.0,0
1017,Female,45,22.24,20,2015-01-01,discount requested,,0
2073,Male,40,60.30422651933701,90,2017-12-01,No notes,,3
1433,Female,48,83.98,99,2016-03-01,No notes,,3
1547,Female,51,63.2,98,2016-06-01,loyal customer,400001.0,3
1659,Female,51,92.51,35,2016-03-01,loyal customer,,3
1452,Female,24,67.96,2,2016-03-01,loyal customer,,2
2020,Female,55,65.47,69,2017-10-01,VIP,400001.0,3
2300,Male,32,88.15,39,2018-07-01,loyal customer,110011.0,2
1960,Other,29,29.65,96,2017-08-01,call back required,400001.0,1
2456,Female,40,76.36,70,2018-12-01,No notes,,3
1284,Other,19,60.74,85,2015-10-01,call back required,,1
1798,Other,32,72.12,21,2017-03-01,No notes,400001.0,2
1226,Male,30,20.7,9,2015-08-01,VIP,,0
1027,Female,39,67.12,55,2016-03-01,call back required,400001.0,3
1438,Unknown,36,49.94,46,2016-03-01,No notes,,0
1862,Male,42,61.54,92,2017-05-01,call back required,560001.0,3
1230,Female,30,60.30422651933701,3,2015-08-01,discount requested,,2
1038,Male,36,72.71,35,2015-02-01,call back required,,2
1750,Male,33,72.49,59,2017-01-01,loyal customer,,2
2046,Male,28,49.92,56,2017-11-01,loyal customer,,1
1470,Female,19,66.73,38,2016-03-01,call back required,400001.0,2
2322,Male,32,62.43,16,2018-08-01,No notes,,2
2129,Female,41,68.66,42,2018-02-01,No notes,400001.0,3
1688,Female,20,76.99,79,2016-11-01,loyal customer,560001.0,1
2425,Unknown,27,39.15,5,2018-11-01,call back required,560001.0,0
1640,Unknown,37,43.28,25,2016-10-01,call back required,,0
2200,Female,34,74.61,39,2016-03-01,loyal customer,560001.0,2
2219,Female,31,46.52,38,2018-05-01,VIP,110011.0,0
2159,Female,24,61.73,96,2018-03-01,No notes,,1
2293,Female,23,40.7,68,2018-07-01,VIP,,1
2410,Male,40,38.1,88,2018-11-01,VIP,400001.0,1
1801,Male,28,31.31,97,2017-03-01,loyal customer,,1
1161,Other,51,61.84,43,2016-03-01,VIP,400001.0,3
1957,Female,30,50.86,97,2016-03-01,VIP,560001.0,1
2187,Unknown,32,65.43,9,2018-04-01,No notes,,2
2314,Female,35,32.74,15,2018-08-01,call back required,400001.0,0
1878,Male,17,54.87,26,2017-05-01,VIP,,2
1914,Male,60,63.95,48,2017-07-01,call back required,400001.0,3
1153,Male,36,73.24,7,2015-06-01,loyal customer,,2
2420,Male,26,39.93,22,2016-03-01,VIP,560001.0,0
1510,Male,37,37.41,87,2016-05-01,loyal customer,400001.0,1
2136,Male,43,57.45,20,2018-02-01,loyal customer,,0
2251,Other,34,60.30422651933701,40,2018-06-01,call back required,,2
2301,Other,18,67.97,88,2018-07-01,loyal customer,,1
1104,Female,23,60.30422651933701,53,2015-04-01,call back required,,1
1587,Female,45,24.97,74,2016-08-01,VIP,,0
2378,Female,48,88.94,36,2018-10-01,call back required,,3
2144,Other,32,66.22,53,2018-02-01,call back required,,2
1152,Male,27,82.06,29,2015-06-01,call back required,,2
1404,Male,39,64.36,70,2016-02-01,discount requested,400001.0,3
1423,Female,48,91.44,82,2016-02-01,VIP,110011.0,3
1208,Female,45,69.83,8,2016-03-01,No notes,110011.0,3
2464,Male,30,51.93,37,2019-01-01,VIP,110011.0,0
2123,Male,38,67.34,8,2018-01-01,VIP,110011.0,2
2362,Female,35,45.43,92,2018-09-01,No notes,560001.0,1
1009,Other,30,51.16,66,2015-01-01,VIP,560001.0,1
2015,Female,39,48.42,93,2017-10-01,No notes,110011.0,1
2390,Male,33,60.79,21,2018-10-01,discount requested,400001.0,2
2061,Male,55,93.71,22,2017-11-01,No notes,400001.0,3
1453,Female,32,65.84,24,2016-03-01,loyal customer,560001.0,2
1254,Female,25,50.07,44,2015-09-01,discount requested,400001.0,1
1897,Female,27,67.85,95,2017-06-01,VIP,,1
2352,Unknown,54,21.02,92,2018-09-01,call back required,,0
1881,Female,47,60.30422651933701,98,2017-05-01,discount requested,,3
1737,Female,35,87.64,43,2017-01-01,loyal customer,560001.0,2
1624,Male,30,58.66,23,2016-09-01,loyal customer,560001.0,2
1346,Other,27,37.37,26,2015-12-01,discount requested,110011.0,0
2330,Female,23,78.3,71,2018-08-01,call back required,560001.0,2
1263,Female,34,46.53,55,2015-09-01,No notes,110011.0,0
1151,Male,29,53.68,12,2015-05-01,discount requested,,2
1473,Male,28,80.88,65,2016-04-01,No notes,110011.0,2
1641,Female,26,60.30422651933701,68,2016-10-01,discount requested,,1
1221,Male,35,74.75,29,2015-08-01,loyal customer,,2
2457,Female,45,83.54,100,2018-12-01,discount requested,,3
1551,Male,34,60.30422651933701,47,2016-07-01,No notes,400001.0,2
1929,Female,41,56.48,85,2017-07-01,VIP,,3
1489,Male,22,44.98,87,2016-05-01,No notes,560001.0,1
2403,Male,25,85.64,46,2018-11-01,loyal customer,,2
2172,Male,45,78.49,16,2018-03-01,call back required,,3
1147,Male,36,56.36,83,2015-05-01,discount requested,110011.0,1
1403,Male,42,65.69,59,2016-02-01,No notes,110011.0,3
1955,Male,38,45.89,72,2017-08-01,VIP,110011.0,0
2106,Female,38,37.84,31,2018-01-01,No notes,400001.0,0
1660,Male,29,88.15,21,2016-10-01,VIP,110011.0,2
1464,Male,30,67.15,65,2016-04-01,No notes,110011.0,1
1187,Male,46,38.32,44,2015-07-01,VIP,,0
2148,Male,45,77.48,31,2018-02-01,No notes,560001.0,3
2225,Male,27,80.21,59,2018-05-01,No notes,560001.0,2
1609,Female,25,78.76,21,2016-03-01,call back required,400001.0,2
1144,Unknown,17,94.04,84,2015-05-01,discount requested,400001.0,2
1752,Female,40,87.32,75,2017-01-01,loyal customer,,3
1982,Unknown,32,67.25,62,2017-09-01,No notes,560001.0,2
1198,Female,19,62.84,58,2016-03-01,VIP,110011.0,1
1884,Unknown,22,45.69,92,2017-06-01,No notes,400001.0,1
1280,Male,39,64.79,11,2015-10-01,No notes,400001.0,2
1294,Male,27,45.54,8,2015-10-01,discount requested,560001.0,0
2411,Female,28,81.48,3,2018-11-01,call back required,560001.0,2
1401,Unknown,19,66.17,35,2016-02-01,discount requested,560001.0,2
1123,Male,29,77.68,29,2015-05-01,No notes,,2
2208,Female,20,63.91,44,2018-04-01,VIP,560001.0,2
1203,Other,36,75.51,78,2015-07-01,call back required,560001.0,3
1836,Female,56,74.03,34,2017-04-01,No notes,,3
1247,Male,30,60.13,47,2015-09-01,loyal customer,110011.0,2
2469,Female,35,46.22,22,2019-01-01,discount requested,110011.0,0
2455,Male,39,25.84,74,2018-12-01,discount requested,,0
2154,Male,31,62.88,73,2018-02-01,VIP,,1
1385,Female,36,87.19,50,2016-01-01,VIP,,2
2366,Female,31,61.17,77,2018-09-01,No notes,560001.0,1
1855,Other,43,85.42,35,2017-05-01,VIP,400001.0,3
1220,Other,41,37.72,76,2015-08-01,loyal customer,560001.0,0
1642,Female,56,63.55,74,2016-10-01,loyal customer,110011.0,3
1002,Female,46,54.49,25,2016-03-01,No notes,,0
1113,Unknown,31,69.27,80,2015-04-01,VIP,,1
1699,Male,58,40.07,96,2016-11-01,loyal customer,400001.0,3
2478,Unknown,26,89.6,70,2016-03-01,No notes,560001.0,2
1952,Female,23,92.85,74,2017-08-01,VIP,,2
2361,Female,45,82.95,10,2018-09-01,call back required,,3
2292,Female,30,73.7,63,2018-07-01,loyal customer,560001.0,2
2400,Female,44,90.71,100,2018-10-01,No notes,110011.0,3
1442,Unknown,39,49.64,60,2016-03-01,VIP,400001.0,0
2137,Other,29,51.59,16,2018-02-01,VIP,560001.0,0
2257,Female,28,47.01,83,2018-06-01,No notes,400001.0,1
1664,Female,32,34.97,17,2016-10-01,VIP,,0
2419,Female,34,47.67,82,2018-11-01,VIP,,1
2258,Male,38,68.21,47,2018-06-01,VIP,,3
2375,Male,25,53.47,17,2016-03-01,VIP,,2
1318,Male,41,42.11,60,2015-11-01,call back required,,0
1649,Unknown,35,68.84,90,2016-10-01,VIP,,1
1710,Unknown,40,52.14,82,2016-12-01,call back required,,3
2283,Male,33,69.77,94,2018-07-01,call back required,110011.0,1
1973,Male,33,66.05,87,2017-08-01,call back required,560001.0,1
1628,Female,35,18.99,300,2016-09-01,No notes,400001.0,1
1633,Female,22,64.29,17,2016-09-01,loyal customer,,2
2307,Unknown,34,83.8,75,2018-07-01,call back required,,3
2249,Male,24,57.27,76,2018-06-01,call back required,560001.0,1
1260,Male,25,56.29,30,2015-09-01,No notes,560001.0,2
2255,Female,44,14.5,53,2018-06-01,call back required,,0
2372,Male,34,49.45,78,2018-10-01,No notes,560001.0,1
2355,Male,30,41.53,73,2018-09-01,VIP,110011.0,1
2488,Male,29,62.84,12,2019-01-01,loyal customer,110011.0,2
2430,Other,26,31.86,24,2016-03-01,VIP,,0
1796,Other,18,47.13,9,2017-03-01,VIP,,2
1646,Female,39,72.73,11,2016-10-01,discount requested,400001.0,2
2013,Female,24,81.67,33,2017-10-01,VIP,110011.0,2
1557,Unknown,32,73.31,69,2016-07-01,loyal customer,,2
1682,Female,34,39.94,55,2016-11-01,VIP,110011.0,0
1578,Female,45,36.47,60,2016-07-01,discount requested,,0
2110,Male,37,109.94,28,2018-01-01,VIP,400001.0,2
2267,Other,36,60.30422651933701,49,2018-06-01,discount requested,,0
2184,Female,42,20.07,20,2018-03-01,call back required,400001.0,0
1525,Male,55,45.03,20,2016-06-01,call back required,110011.0,0
2060,Female,39,54.77,7,2017-11-01,loyal customer,400001.0,0
1541,Other,37,58.37,25,2016-06-01,loyal customer,,0
2195,Male,28,75.62,64,2018-04-01,No notes,,2
1749,Male,25,110.59,23,2017-01-01,call back required,400001.0,2
2433,Female,18,71.79,94,2018-12-01,loyal customer,,1
1485,Female,46,67.21,76,2016-04-01,loyal customer,,3
1096,Female,31,48.55,80,2015-04-01,discount requested,400001.0,1
2021,Other,35,41.9,10,2017-10-01,discount requested,400001.0,0
1564,Other,48,28.73,16,2016-07-01,discount requested,,0
2265,Female,29,55.95,43,2018-06-01,No notes,110011.0,2
1743,Male,35,84.76,84,2017-01-01,loyal customer,,3
1864,Male,46,65.82,8,2017-05-01,discount requested,110011.0,3
1892,Other,39,90.3,25,2017-06-01,call back required,,2
2039,Male,37,36.76,11,2017-11-01,VIP,110011.0,0
1207,Unknown,40,62.89,37,2015-07-01,VIP,110011.0,3
1393,Unknown,36,71.23,52,2016-01-01,call back required,400001.0,2
1795,Male,21,61.98,72,2017-03-01,discount requested,400001.0,1
1871,Female,47,68.3,97,2017-05-01,call back required,,3
1767,Female,44,97.75,63,2017-02-01,discount requested,,3
2423,Male,28,48.1,13,2018-11-01,VIP,,0
2242,Female,25,24.8,70,2018-05-01,loyal customer,560001.0,1
2029,Female,36,40.58,10,2017-10-01,No notes,,0
1643,Unknown,23,63.29,74,2016-10-01,VIP,110011.0,1
1613,Female,36,63.56,81,2016-09-01,loyal customer,110011.0,1
1961,Male,23,49.18,27,2017-08-01,discount requested,,2
1726,Female,27,58.37,63,2016-12-01,VIP,110011.0,1
1684,Female,35,65.73,70,2016-03-01,discount requested,560001.0,3
1099,Female,23,87.22,65,2015-04-01,VIP,560001.0,2
1805,Female,56,55.06,95,2017-03-01,call back required,,3
1407,Female,34,55.74,19,2016-03-01,No notes,400001.0,0
1503,Female,31,44.74,94,2016-05-01,call back required,560001.0,1
2072,Male,60,35.32,62,2017-12-01,VIP,110011.0,0
2057,Unknown,31,46.98,68,2017-11-01,VIP,110011.0,1
1930,Male,44,68.17,78,2016-03-01,call back required,400001.0,3
1780,Male,38,56.45,43,2017-02-01,No notes,,0
1201,Other,34,62.67,77,2015-07-01,VIP,400001.0,1
1135,Other,29,82.52,2,2016-03-01,No notes,560001.0,2
1041,Male,39,76.98,100,2015-02-01,loyal customer,,3
2018,Male,24,60.30422651933701,58,2017-10-01,call back required,,1
1231,Female,47,69.72,46,2016-03-01,loyal customer,110011.0,3
1379,Male,38,59.43,14,2016-01-01,call back required,400001.0,0
1289,Male,37,97.43,22,2015-10-01,VIP,,2
1419,Unknown,52,60.30422651933701,91,2016-02-01,VIP,400001.0,3
1392,Male,20,71.39,79,2016-01-01,No notes,,1
1593,Female,42,43.22,4,2016-08-01,No notes,,0
2163,Male,33,73.65,96,2018-03-01,No notes,,1
2087,Male,47,105.31,28,2017-12-01,discount requested,400001.0,3
1648,Male,33,92.87,16,2016-10-01,call back required,110011.0,2
2153,Female,32,60.30422651933701,79,2018-02-01,call back required,400001.0,1
2368,Female,31,69.82,65,2018-09-01,call back required,,2
1521,Unknown,44,70.6,93,2016-06-01,loyal customer,400001.0,3
1065,Other,32,28.58,50,2015-03-01,discount requested,,0
1015,Unknown,39,60.30422651933701,22,2015-01-01,No notes,400001.0,0
2181,Female,51,58.19,76,2018-03-01,No notes,,3
2065,Female,34,58.44,97,2016-03-01,discount requested,110011.0,1
1493,Male,34,42.3,85,2016-05-01,call back required,110011.0,1
1380,Male,39,56.93,22,2016-01-01,loyal customer,110011.0,0
1188,Other,27,96.27,80,2015-07-01,call back required,400001.0,2
1764,Male,35,79.98,9,2017-02-01,VIP,,2
1217,Female,24,55.9,33,2015-08-01,loyal customer,110011.0,2
1792,Unknown,26,69.71,4,2017-03-01,No notes,,2
2077,Female,38,65.61,55,2017-12-01,discount requested,400001.0,3
1879,Female,42,97.93,57,2017-05-01,loyal customer,,3
1338,Male,37,55.16,79,2015-12-01,call back required,400001.0,1
1720,Female,32,60.64,86,2016-12-01,loyal customer,400001.0,1
1296,Female,27,97.41,57,2015-10-01,loyal customer,,2
2017,Male,11,72.72,21,2017-10-01,call back required,560001.0,2
1456,Male,41,74.32,38,2016-03-01,No notes,,3
1366,Other,34,58.94,74,2016-01-01,discount requested,110011.0,1
1816,Female,36,41.66,15,2017-03-01,No notes,560001.0,0
1270,Male,59,77.1,53,2016-03-01,No notes,,3
1996,Female,21,56.53,38,2016-03-01,discount requested,,2
1202,Unknown,41,60.30422651933701,68,2015-07-01,No notes,,3
1730,Female,34,51.98,100,2016-12-01,call back required,,1
1402,Female,42,16.87,3,2016-02-01,loyal customer,,0
1703,Male,36,72.6,58,2016-12-01,discount requested,,3
2130,Male,53,67.77,76,2018-02-01,No notes,110011.0,3
1566,Male,36,67.12,77,2016-07-01,discount requested,400001.0,3
2414,Unknown,42,93.17,97,2018-11-01,No notes,,3
2022,Male,27,40.64,6,2017-10-01,call back required,400001.0,0
2026,Female,27,73.44,57,2017-10-01,call back required,110011.0,2
2412,Male,39,41.65,89,2018-11-01,discount requested,400001.0,1
2105,Female,25,71.05,85,2018-01-01,loyal customer,110011.0,1
1206,Female,41,54.12,52,2015-07-01,loyal customer,560001.0,0
1035,Female,37,65.96,65,2015-02-01,loyal customer,110011.0,3
1509,Unknown,45,86.77,11,2016-03-01,No notes,400001.0,3
2452,Female,30,60.30422651933701,57,2018-12-01,discount requested,,1
2479,Female,30,51.74,99,2019-01-01,No notes,560001.0,1
2420,Male,26,39.93,22,2016-03-01,VIP,560001.0,0
2391,Male,33,70.61,77,2018-10-01,VIP,,1
1092,Female,45,62.42,54,2015-04-01,loyal customer,,3
2364,Female,31,39.89,97,2018-09-01,loyal customer,400001.0,1
1898,Female,41,91.81,20,2017-06-01,No notes,,2
2370,Male,34,59.25,67,2018-10-01,discount requested,560001.0,1
1777,Male,29,74.03,25,2017-02-01,VIP,560001.0,2
1242,Other,45,53.94,61,2015-08-01,loyal customer,,3
1014,Male,30,46.17,76,2015-01-01,loyal customer,400001.0,1
1316,Unknown,46,61.34,29,2015-11-01,No notes,560001.0,3
1601,Female,25,49.75,82,2016-03-01,call back required,560001.0,1
1388,Other,49,20.29,85,2016-01-01,call back required,400001.0,0
2298,Male,48,28.41,23,2018-07-01,loyal customer,400001.0,0
1167,Unknown,40,46.94,33,2015-06-01,loyal customer,400001.0,0
1841,Other,50,42.4,86,2017-04-01,discount requested,400001.0,3
1021,Female,30,72.57,65,2015-01-01,VIP,,2
1647,Female,33,76.68,91,2016-10-01,call back required,560001.0,1
2155,Unknown,34,55.54,39,2018-02-01,discount requested,400001.0,0
1832,Female,32,50.91,27,2017-04-01,call back required,400001.0,0
2268,Female,24,78.17,12,2018-06-01,loyal customer,,2
1563,Other,32,48.77,84,2016-07-01,VIP,560001.0,1
2273,Male,28,65.45,49,2018-06-01,VIP,,2
1687,Female,36,70.66,47,2016-11-01,call back required,400001.0,2
1958,Male,19,61.09,6,2017-08-01,discount requested,,2
1190,Female,52,60.30422651933701,14,2015-07-01,loyal customer,,3
1976,Male,26,54.68,79,2017-09-01,No notes,,1
1700,Male,38,79.66,17,2016-11-01,No notes,400001.0,2
2500,Other,47,48.43,58,2019-02-01,discount requested,,0
1511,Male,32,73.37,2,2016-05-01,No notes,,2
2083,Female,48,64.92,2,2017-12-01,loyal customer,,0
1475,Male,39,52.76,27,2016-04-01,call back required,,0
1857,Male,33,39.13,42,2017-05-01,loyal customer,400001.0,0
1748,Other,15,26.63,38,2017-01-01,No notes,560001.0,1
1253,Female,21,46.74,58,2016-03-01,VIP,,1
1022,Female,38,35.47,81,2015-01-01,VIP,560001.0,0
2338,Female,29,88.4,61,2018-08-01,VIP,560001.0,2
1460,Male,20,94.19,67,2016-04-01,call back required,,2
2185,Unknown,35,57.58,5,2016-03-01,No notes,110011.0,0
1277,Male,49,67.76,76,2015-10-01,discount requested,,3
1956,Male,33,41.16,60,2017-08-01,call back required,560001.0,0
2216,Male,41,56.72,89,2018-04-01,No notes,,3
1386,Unknown,42,55.22,89,2016-01-01,discount requested,,3
1806,Female,28,50.63,98,2017-03-01,discount requested,400001.0,1
2438,Female,33,40.53,12,2016-03-01,call back required,560001.0,0
2269,Female,47,44.61,10,2018-06-01,loyal customer,,0
1344,Male,24,92.68,18,2015-12-01,discount requested,,2
1770,Male,44,72.15,53,2017-02-01,loyal customer,400001.0,3
2333,Other,52,88.66,66,2018-08-01,discount requested,110011.0,3
1131,Female,14,60.30422651933701,73,2015-05-01,No notes,560001.0,1
1872,Unknown,35,47.12,49,2017-05-01,call back required,,0
2124,Other,39,35.31,81,2018-01-01,discount requested,,0
2397,Male,34,48.99,33,2018-10-01,discount requested,,0
1088,Male,36,105.57,60,2015-03-01,No notes,,2
2483,Female,43,73.24,36,2016-03-01,loyal customer,,3
1331,Male,41,99.31,5,2015-11-01,call back required,400001.0,2
2239,Male,13,88.68,32,2018-05-01,No notes,110011.0,2
1467,Unknown,33,55.5,90,2016-04-01,No notes,,1
1122,Female,33,43.64,39,2015-05-01,VIP,,0
2045,Female,44,62.84,78,2017-11-01,loyal customer,110011.0,3
2096,Male,25,52.35,12,2017-12-01,discount requested,,2
2131,Male,33,60.30422651933701,27,2018-02-01,loyal customer,400001.0,2
2295,Female,31,36.65,92,2018-07-01,VIP,400001.0,1
1861,Female,39,62.95,82,2017-05-01,No notes,,3
2460,Male,29,76.78,43,2018-12-01,No notes,,2
2127,Female,39,61.58,33,2018-01-01,No notes,110011.0,0
